2026-06-06 11:58:45,317 INFO events.services.autoscan Autoscan scheduler started
2026-06-06 11:58:45,443 INFO django.utils.autoreload Watching for file changes with StatReloader
2026-06-06 11:58:49,888 INFO django.utils.autoreload E:\EVENTS\events\services\alerts.py changed, reloading.
2026-06-06 11:58:52,120 INFO events.services.autoscan Autoscan scheduler started
2026-06-06 11:58:52,223 INFO django.utils.autoreload Watching for file changes with StatReloader
2026-06-06 11:59:00,325 INFO django.utils.autoreload E:\EVENTS\events\services\scrapers\facebook_events.py changed, reloading.
2026-06-06 11:59:03,296 INFO events.services.autoscan Autoscan scheduler started
2026-06-06 11:59:03,451 INFO django.utils.autoreload Watching for file changes with StatReloader
2026-06-06 11:59:18,302 INFO django.utils.autoreload E:\EVENTS\events\views.py changed, reloading.
2026-06-06 11:59:20,935 INFO events.services.autoscan Autoscan scheduler started
2026-06-06 11:59:21,064 INFO django.utils.autoreload Watching for file changes with StatReloader
2026-06-06 12:00:07,573 INFO django.utils.autoreload E:\EVENTS\events\services\ntfy_push.py changed, reloading.
2026-06-06 12:00:09,528 INFO events.services.autoscan Autoscan scheduler started
2026-06-06 12:00:09,637 INFO django.utils.autoreload Watching for file changes with StatReloader
2026-06-06 12:00:43,774 INFO django.utils.autoreload E:\EVENTS\events\services\whatsapp.py changed, reloading.
2026-06-06 12:00:45,785 INFO events.services.autoscan Autoscan scheduler started
2026-06-06 12:00:45,887 INFO django.utils.autoreload Watching for file changes with StatReloader
2026-06-06 12:00:59,606 INFO events.services.autoscan Autoscan scheduler started
2026-06-06 12:01:04,020 INFO events.services.autoscan Autoscan scheduler started
2026-06-06 12:01:20,213 INFO django.utils.autoreload E:\EVENTS\events\services\scrapers\meetup.py changed, reloading.
2026-06-06 12:01:22,019 INFO events.services.autoscan Autoscan scheduler started
2026-06-06 12:01:22,112 INFO django.utils.autoreload Watching for file changes with StatReloader
2026-06-06 12:01:39,041 INFO events.services.autoscan Autoscan scheduler started
2026-06-06 12:01:52,370 INFO django.utils.autoreload E:\EVENTS\events\views.py changed, reloading.
2026-06-06 12:01:54,256 INFO events.services.autoscan Autoscan scheduler started
2026-06-06 12:01:54,360 INFO django.utils.autoreload Watching for file changes with StatReloader
2026-06-06 12:04:27,217 INFO events.services.scanner Scan started: county=Nairobi days=30 social=True
2026-06-06 12:07:09,937 WARNING django.request Not Found: /e/_next/image
2026-06-06 12:07:30,260 INFO events.services.scrapers.meetup Meetup: 12 events (JSON-LD)
2026-06-06 12:07:35,711 INFO events.services.scrapers.facebook_events Facebook Events: 0 events
2026-06-06 12:09:09,671 INFO django.utils.autoreload E:\EVENTS\events\services\scrapers\meetup.py changed, reloading.
2026-06-06 12:27:40,613 INFO events.services.autoscan Autoscan scheduler started
2026-06-06 12:28:11,840 INFO events.services.autoscan Autoscan scheduler started
2026-06-06 12:39:21,201 INFO events.services.autoscan Autoscan scheduler started
2026-06-06 12:39:47,364 INFO events.services.autoscan Autoscan scheduler started
2026-06-06 12:39:48,790 INFO events.services.autoscan Autoscan scheduler started
2026-06-06 12:39:48,855 INFO django.utils.autoreload Watching for file changes with StatReloader
2026-06-06 12:41:59,623 INFO events.services.autoscan Autoscan scheduler started
2026-06-06 12:42:00,670 INFO events.services.scanner Scan started: county=Nairobi days=30 social=True
2026-06-06 12:48:59,975 INFO events.services.autoscan Autoscan scheduler started
2026-06-06 12:50:28,837 INFO events.services.autoscan Autoscan scheduler started
2026-06-06 12:50:30,364 INFO events.services.autoscan Autoscan scheduler started
2026-06-06 12:50:30,422 INFO django.utils.autoreload Watching for file changes with StatReloader
2026-06-06 12:54:39,351 INFO events.services.autoscan Autoscan scheduler started
2026-06-06 12:54:40,193 INFO events.services.scanner Scan started: county=Nairobi days=30 social=True
2026-06-06 12:44:23,861 WARNING events.services.scrapers.base fetch_url attempt 1 failed for https://ticketsasa.com/events/betika-rx-fest-aug-2026: ('Connection aborted.', ConnectionResetError(10054, 'An existing connection was forcibly closed by the remote host', None, 10054, None))
2026-06-06 12:55:38,864 INFO events.services.scrapers.meetup Meetup: 12 events (JSON-LD)
2026-06-06 12:55:44,703 INFO events.services.scrapers.facebook_events Facebook Events: 0 events
2026-06-06 13:00:42,205 INFO events.services.autoscan Autoscan scheduler started
2026-06-06 13:00:44,600 INFO events.services.autoscan Autoscan scheduler started
2026-06-06 13:00:46,921 INFO events.services.autoscan Autoscan scheduler started
2026-06-06 13:02:29,746 INFO events.services.autoscan Autoscan scheduler started
2026-06-06 20:25:44,375 INFO events.services.autoscan Autoscan starting for Nairobi
2026-06-06 20:25:44,566 INFO events.services.scanner Scan started: county=Nairobi days=30 social=True
2026-06-06 20:27:26,925 INFO events.services.autoscan Autoscan scheduler started
2026-06-06 20:30:00,547 INFO events.services.scrapers.meetup Meetup: 12 events (JSON-LD)
2026-06-06 20:30:07,259 INFO events.services.scrapers.facebook_events Facebook Events: 0 events
2026-06-06 20:43:51,017 INFO events.services.autoscan Autoscan scheduler started
2026-06-06 20:43:52,764 INFO events.services.autoscan Autoscan starting for Nairobi
2026-06-06 20:43:52,775 INFO events.services.scanner Scan started: county=Nairobi days=30 social=True
2026-06-06 20:43:53,472 INFO events.services.autoscan Autoscan scheduler started
2026-06-06 20:43:53,784 INFO django.utils.autoreload Watching for file changes with StatReloader
2026-06-06 20:43:56,068 INFO events.services.autoscan Autoscan starting for Nairobi
2026-06-06 20:43:56,091 INFO events.services.scanner Scan started: county=Nairobi days=30 social=True
2026-06-06 20:44:34,453 INFO events.services.scanner Scan complete: found=91 new=14 recommended=57 changed=0
2026-06-06 20:47:21,933 INFO events.services.scrapers.meetup Meetup: 12 events (JSON-LD)
2026-06-06 20:47:22,329 INFO events.services.scrapers.meetup Meetup: 12 events (JSON-LD)
2026-06-06 20:47:27,656 INFO events.services.scrapers.facebook_events Facebook Events: 0 events
2026-06-06 20:47:28,147 INFO events.services.scrapers.facebook_events Facebook Events: 0 events
2026-06-06 20:48:26,016 WARNING django.request Not Found: /e/_next/image
2026-06-06 20:48:26,017 WARNING django.request Not Found: /e/_next/image
2026-06-06 20:48:27,378 WARNING django.request Not Found: /e/_next/image
2026-06-06 20:48:27,393 WARNING django.request Not Found: /e/_next/image
2026-06-06 20:57:58,068 INFO events.services.scanner Scan complete: found=90 new=0 recommended=56 changed=0
2026-06-06 20:58:21,846 INFO events.services.scanner Scan complete: found=91 new=1 recommended=61 changed=0
2026-06-06 21:10:14,062 INFO events.services.autoscan Autoscan scheduler started
2026-06-06 21:10:15,275 INFO events.services.autoscan Autoscan scheduler started
2026-06-06 21:10:15,329 INFO django.utils.autoreload Watching for file changes with StatReloader
2026-06-06 21:15:14,820 INFO events.services.autoscan Autoscan scheduler started
2026-06-06 21:15:53,420 ERROR django.security.DisallowedHost Invalid HTTP_HOST header: 'rockstar-frostlike-sagging.ngrok-free.dev'. You may need to add 'rockstar-frostlike-sagging.ngrok-free.dev' to ALLOWED_HOSTS.
Traceback (most recent call last):
  File "C:\Users\Kiragu\AppData\Roaming\Python\Python314\site-packages\django\core\handlers\exception.py", line 55, in inner
    response = get_response(request)
  File "C:\Users\Kiragu\AppData\Roaming\Python\Python314\site-packages\django\utils\deprecation.py", line 119, in __call__
    response = self.process_request(request)
  File "C:\Users\Kiragu\AppData\Roaming\Python\Python314\site-packages\django\middleware\common.py", line 48, in process_request
    host = request.get_host()
  File "C:\Users\Kiragu\AppData\Roaming\Python\Python314\site-packages\django\http\request.py", line 203, in get_host
    raise DisallowedHost(msg)
django.core.exceptions.DisallowedHost: Invalid HTTP_HOST header: 'rockstar-frostlike-sagging.ngrok-free.dev'. You may need to add 'rockstar-frostlike-sagging.ngrok-free.dev' to ALLOWED_HOSTS.
2026-06-06 21:15:55,411 ERROR django.security.DisallowedHost Invalid HTTP_HOST header: 'rockstar-frostlike-sagging.ngrok-free.dev'. You may need to add 'rockstar-frostlike-sagging.ngrok-free.dev' to ALLOWED_HOSTS.
Traceback (most recent call last):
  File "C:\Users\Kiragu\AppData\Roaming\Python\Python314\site-packages\django\core\handlers\exception.py", line 55, in inner
    response = get_response(request)
  File "C:\Users\Kiragu\AppData\Roaming\Python\Python314\site-packages\django\utils\deprecation.py", line 119, in __call__
    response = self.process_request(request)
  File "C:\Users\Kiragu\AppData\Roaming\Python\Python314\site-packages\django\middleware\common.py", line 48, in process_request
    host = request.get_host()
  File "C:\Users\Kiragu\AppData\Roaming\Python\Python314\site-packages\django\http\request.py", line 203, in get_host
    raise DisallowedHost(msg)
django.core.exceptions.DisallowedHost: Invalid HTTP_HOST header: 'rockstar-frostlike-sagging.ngrok-free.dev'. You may need to add 'rockstar-frostlike-sagging.ngrok-free.dev' to ALLOWED_HOSTS.
2026-06-06 21:15:57,925 ERROR events.management.commands.scan_events Scan failed
Traceback (most recent call last):
  File "C:\Users\Kiragu\AppData\Roaming\Python\Python314\site-packages\django\db\models\query.py", line 948, in get_or_create
    return self.get(**kwargs), False
           ~~~~~~~~^^^^^^^^^^
  File "C:\Users\Kiragu\AppData\Roaming\Python\Python314\site-packages\django\db\models\query.py", line 635, in get
    raise self.model.DoesNotExist(
        "%s matching query does not exist." % self.model._meta.object_name
    )
events.models.Event.DoesNotExist: Event matching query does not exist.

During handling of the above exception, another exception occurred:

Traceback (most recent call last):
  File "E:\EVENTS\events\management\commands\scan_events.py", line 144, in handle
    obj, created = Event.objects.update_or_create(
                   ~~~~~~~~~~~~~~~~~~~~~~~~~~~~~~^
        title=ev["title"],
        ^^^^^^^^^^^^^^^^^^
    ...<3 lines>...
        defaults=defaults,
        ^^^^^^^^^^^^^^^^^^
    )
    ^
  File "C:\Users\Kiragu\AppData\Roaming\Python\Python314\site-packages\django\db\models\manager.py", line 87, in manager_method
    return getattr(self.get_queryset(), name)(*args, **kwargs)
           ~~~~~~~~~~~~~~~~~~~~~~~~~~~~~~~~~~^^^^^^^^^^^^^^^^^
  File "C:\Users\Kiragu\AppData\Roaming\Python\Python314\site-packages\django\db\models\query.py", line 990, in update_or_create
    obj, created = self.select_for_update().get_or_create(
                   ~~~~~~~~~~~~~~~~~~~~~~~~~~~~~~~~~~~~~~^
        create_defaults, **kwargs
        ^^^^^^^^^^^^^^^^^^^^^^^^^
    )
    ^
  File "C:\Users\Kiragu\AppData\Roaming\Python\Python314\site-packages\django\db\models\query.py", line 950, in get_or_create
    params = self._extract_model_params(defaults, **kwargs)
  File "C:\Users\Kiragu\AppData\Roaming\Python\Python314\site-packages\django\db\models\query.py", line 1048, in _extract_model_params
    raise exceptions.FieldError(
    ...<5 lines>...
    )
django.core.exceptions.FieldError: Invalid field name(s) for model Event: 'price', 'url'.
2026-06-06 21:20:06,050 INFO events.services.autoscan Autoscan scheduler started
2026-06-06 21:20:07,390 INFO events.services.autoscan Autoscan scheduler started
2026-06-06 21:20:07,453 INFO django.utils.autoreload Watching for file changes with StatReloader
2026-06-06 21:25:55,497 INFO events.services.autoscan Autoscan scheduler started
2026-06-06 21:26:05,389 INFO events.services.autoscan Autoscan scheduler started
2026-06-06 21:26:07,431 INFO events.services.autoscan Autoscan scheduler started
2026-06-06 21:26:07,497 INFO django.utils.autoreload Watching for file changes with StatReloader
2026-06-06 21:26:34,467 ERROR events.management.commands.scan_events Scan failed
Traceback (most recent call last):
  File "C:\Users\Kiragu\AppData\Roaming\Python\Python314\site-packages\django\db\models\query.py", line 948, in get_or_create
    return self.get(**kwargs), False
           ~~~~~~~~^^^^^^^^^^
  File "C:\Users\Kiragu\AppData\Roaming\Python\Python314\site-packages\django\db\models\query.py", line 635, in get
    raise self.model.DoesNotExist(
        "%s matching query does not exist." % self.model._meta.object_name
    )
events.models.Event.DoesNotExist: Event matching query does not exist.

During handling of the above exception, another exception occurred:

Traceback (most recent call last):
  File "E:\EVENTS\events\management\commands\scan_events.py", line 144, in handle
    obj, created = Event.objects.update_or_create(
                   ~~~~~~~~~~~~~~~~~~~~~~~~~~~~~~^
        title=ev["title"],
        ^^^^^^^^^^^^^^^^^^
    ...<3 lines>...
        defaults=defaults,
        ^^^^^^^^^^^^^^^^^^
    )
    ^
  File "C:\Users\Kiragu\AppData\Roaming\Python\Python314\site-packages\django\db\models\manager.py", line 87, in manager_method
    return getattr(self.get_queryset(), name)(*args, **kwargs)
           ~~~~~~~~~~~~~~~~~~~~~~~~~~~~~~~~~~^^^^^^^^^^^^^^^^^
  File "C:\Users\Kiragu\AppData\Roaming\Python\Python314\site-packages\django\db\models\query.py", line 990, in update_or_create
    obj, created = self.select_for_update().get_or_create(
                   ~~~~~~~~~~~~~~~~~~~~~~~~~~~~~~~~~~~~~~^
        create_defaults, **kwargs
        ^^^^^^^^^^^^^^^^^^^^^^^^^
    )
    ^
  File "C:\Users\Kiragu\AppData\Roaming\Python\Python314\site-packages\django\db\models\query.py", line 950, in get_or_create
    params = self._extract_model_params(defaults, **kwargs)
  File "C:\Users\Kiragu\AppData\Roaming\Python\Python314\site-packages\django\db\models\query.py", line 1048, in _extract_model_params
    raise exceptions.FieldError(
    ...<5 lines>...
    )
django.core.exceptions.FieldError: Invalid field name(s) for model Event: 'price', 'url'.
2026-06-06 21:26:43,571 WARNING django.request Not Found: /favicon.ico
2026-06-06 21:27:21,071 WARNING django.request Not Found: /favicon.ico
2026-06-06 21:32:26,787 WARNING django.security.csrf Forbidden (Origin checking failed - https://rockstar-frostlike-sagging.ngrok-free.dev does not match any trusted origins.): /scan/
2026-06-06 21:32:31,573 WARNING django.security.csrf Forbidden (Origin checking failed - https://rockstar-frostlike-sagging.ngrok-free.dev does not match any trusted origins.): /scan/
2026-06-06 21:32:43,171 WARNING django.security.csrf Forbidden (Origin checking failed - https://rockstar-frostlike-sagging.ngrok-free.dev does not match any trusted origins.): /scan/
2026-06-08 08:09:37,797 INFO events.services.autoscan Autoscan starting for Nairobi
2026-06-08 08:09:37,824 INFO events.services.scanner Scan started: county=Nairobi days=30 social=True
2026-06-08 08:09:37,853 INFO events.services.autoscan Autoscan starting for Nairobi
2026-06-08 08:09:37,928 INFO events.services.scanner Scan started: county=Nairobi days=30 social=True
2026-06-08 08:13:19,554 INFO events.services.scrapers.meetup Meetup: 12 events (JSON-LD)
2026-06-08 08:13:26,291 INFO events.services.scrapers.facebook_events Facebook Events: 0 events
2026-06-08 08:13:30,644 INFO events.services.scrapers.meetup Meetup: 12 events (JSON-LD)
2026-06-08 08:13:36,266 INFO events.services.scrapers.facebook_events Facebook Events: 0 events
2026-06-08 08:18:43,153 INFO events.services.scanner Scan complete: found=82 new=2 recommended=57 changed=0
2026-06-08 08:18:57,018 INFO events.services.scanner Scan complete: found=82 new=9 recommended=58 changed=0
2026-06-08 08:53:18,567 WARNING django.request Not Found: /favicon.ico
2026-06-08 09:34:16,249 WARNING django.request Not Found: /favicon.ico
2026-06-08 09:35:20,224 WARNING django.request Not Found: /favicon.ico
2026-06-08 09:39:26,691 INFO django.utils.autoreload E:\EVENTS\events\services\scrapers\meetup.py changed, reloading.
2026-06-08 09:39:52,391 INFO events.services.autoscan Autoscan scheduler started
2026-06-08 09:39:52,698 INFO django.utils.autoreload Watching for file changes with StatReloader
2026-06-08 09:45:18,776 INFO django.utils.autoreload E:\EVENTS\events\services\scrapers\social.py changed, reloading.
2026-06-08 09:45:22,649 INFO events.services.autoscan Autoscan scheduler started
2026-06-08 09:45:22,767 INFO django.utils.autoreload Watching for file changes with StatReloader
2026-06-08 11:14:04,284 WARNING django.request Not Found: /e/_next/image
2026-06-08 11:14:04,284 WARNING django.request Not Found: /e/_next/image
2026-06-08 11:14:04,397 WARNING django.request Not Found: /e/_next/image
2026-06-08 11:14:04,423 WARNING django.request Not Found: /e/_next/image
2026-06-08 11:14:05,820 WARNING django.request Not Found: /e/_next/image
2026-06-08 11:17:10,961 INFO events.services.autoscan Autoscan scheduler started
2026-06-08 11:17:12,364 INFO events.services.scanner Scan started: county=Nairobi days=30 social=True
2026-06-08 11:18:34,207 INFO events.services.scanner Scan started: county=mombasa days=30 social=True
2026-06-08 11:18:34,676 WARNING events.services.scrapers.base fetch_url attempt 1 failed for https://innairobi.com/david-macharia-the-comedians-comedian/: HTTPSConnectionPool(host='innairobi.com', port=443): Read timed out. (read timeout=20)
2026-06-08 11:20:08,408 WARNING django.request Not Found: /e/_next/image
2026-06-08 11:20:08,422 WARNING django.request Not Found: /e/_next/image
2026-06-08 11:20:08,452 WARNING django.request Not Found: /e/_next/image
2026-06-08 11:20:08,479 WARNING django.request Not Found: /e/_next/image
2026-06-08 11:20:25,568 INFO events.services.scrapers.meetup Meetup: 12 events (JSON-LD)
2026-06-08 11:20:32,375 INFO events.services.scrapers.facebook_events Facebook Events: 0 events
2026-06-08 11:21:09,526 INFO events.services.scrapers.meetup Meetup: 12 events (JSON-LD)
2026-06-08 11:21:15,826 INFO events.services.scrapers.facebook_events Facebook Events: 0 events
2026-06-08 11:27:17,231 INFO events.services.scanner Scan complete: found=82 new=2 recommended=53 changed=0
2026-06-08 11:28:08,219 INFO events.services.scanner Scan complete: found=84 new=3 recommended=53 changed=0
2026-06-08 11:33:32,837 WARNING django.request Not Found: /e/_next/image
2026-06-08 11:33:32,854 WARNING django.request Not Found: /e/_next/image
2026-06-08 11:33:32,875 WARNING django.request Not Found: /e/_next/image
2026-06-08 11:33:32,892 WARNING django.request Not Found: /e/_next/image
2026-06-08 11:33:44,698 WARNING django.security.csrf Forbidden (Origin checking failed - https://rockstar-frostlike-sagging.ngrok-free.dev does not match any trusted origins.): /scan/
2026-06-08 11:36:46,956 INFO django.utils.autoreload E:\EVENTS\events\services\dates.py changed, reloading.
2026-06-08 11:36:50,383 INFO events.services.autoscan Autoscan scheduler started
2026-06-08 11:36:50,528 INFO django.utils.autoreload Watching for file changes with StatReloader
2026-06-08 11:36:55,490 INFO django.utils.autoreload E:\EVENTS\events\services\dates.py changed, reloading.
2026-06-08 11:36:59,061 INFO events.services.autoscan Autoscan scheduler started
2026-06-08 11:36:59,147 INFO django.utils.autoreload Watching for file changes with StatReloader
2026-06-08 11:37:04,056 INFO django.utils.autoreload E:\EVENTS\events\models.py changed, reloading.
2026-06-08 11:37:06,538 INFO events.services.autoscan Autoscan scheduler started
2026-06-08 11:37:06,613 INFO django.utils.autoreload Watching for file changes with StatReloader
2026-06-08 11:37:10,781 INFO django.utils.autoreload E:\EVENTS\events\models.py changed, reloading.
2026-06-08 11:37:13,275 INFO events.services.autoscan Autoscan scheduler started
2026-06-08 11:37:13,414 INFO django.utils.autoreload Watching for file changes with StatReloader
2026-06-08 11:37:22,124 INFO django.utils.autoreload E:\EVENTS\events\models.py changed, reloading.
2026-06-08 11:37:24,567 INFO events.services.autoscan Autoscan scheduler started
2026-06-08 11:37:24,675 INFO django.utils.autoreload Watching for file changes with StatReloader
2026-06-08 11:38:09,924 INFO django.utils.autoreload E:\EVENTS\events\views.py changed, reloading.
2026-06-08 11:38:12,443 INFO events.services.autoscan Autoscan scheduler started
2026-06-08 11:38:12,499 INFO django.utils.autoreload Watching for file changes with StatReloader
2026-06-08 11:38:19,991 INFO django.utils.autoreload E:\EVENTS\events\urls.py changed, reloading.
2026-06-08 11:38:23,251 INFO events.services.autoscan Autoscan scheduler started
2026-06-08 11:38:23,351 INFO django.utils.autoreload Watching for file changes with StatReloader
2026-06-08 11:38:37,918 INFO django.utils.autoreload E:\EVENTS\events\views.py changed, reloading.
2026-06-08 11:38:40,741 INFO events.services.autoscan Autoscan scheduler started
2026-06-08 11:38:40,816 INFO django.utils.autoreload Watching for file changes with StatReloader
2026-06-08 11:38:46,427 INFO django.utils.autoreload E:\EVENTS\events\urls.py changed, reloading.
2026-06-08 11:38:49,894 INFO events.services.autoscan Autoscan scheduler started
2026-06-08 11:38:50,167 INFO django.utils.autoreload Watching for file changes with StatReloader
2026-06-08 11:39:34,490 INFO django.utils.autoreload E:\EVENTS\events\services\scrapers\__init__.py changed, reloading.
2026-06-08 11:39:36,916 INFO events.services.autoscan Autoscan scheduler started
2026-06-08 11:39:37,010 INFO django.utils.autoreload Watching for file changes with StatReloader
2026-06-08 11:40:11,530 INFO django.utils.autoreload E:\EVENTS\events\admin.py changed, reloading.
2026-06-08 11:40:14,183 INFO events.services.autoscan Autoscan scheduler started
2026-06-08 11:40:14,377 INFO django.utils.autoreload Watching for file changes with StatReloader
2026-06-08 11:41:00,254 INFO django.utils.autoreload E:\EVENTS\events\services\scrapers\new_event_sources.py changed, reloading.
2026-06-08 11:41:03,795 INFO events.services.autoscan Autoscan scheduler started
2026-06-08 11:41:03,886 INFO django.utils.autoreload Watching for file changes with StatReloader
2026-06-08 11:44:34,141 WARNING django.security.csrf Forbidden (Origin checking failed - https://rockstar-frostlike-sagging.ngrok-free.dev does not match any trusted origins.): /scan/
2026-06-08 11:44:42,459 ERROR django.request Internal Server Error: /
Traceback (most recent call last):
  File "C:\Users\Kiragu\AppData\Roaming\Python\Python314\site-packages\django\db\backends\utils.py", line 105, in _execute
    return self.cursor.execute(sql, params)
           ~~~~~~~~~~~~~~~~~~~^^^^^^^^^^^^^
  File "C:\Users\Kiragu\AppData\Roaming\Python\Python314\site-packages\django\db\backends\sqlite3\base.py", line 360, in execute
    return super().execute(query, params)
           ~~~~~~~~~~~~~~~^^^^^^^^^^^^^^^
sqlite3.OperationalError: no such column: events_event.description

The above exception was the direct cause of the following exception:

Traceback (most recent call last):
  File "C:\Users\Kiragu\AppData\Roaming\Python\Python314\site-packages\django\core\handlers\exception.py", line 55, in inner
    response = get_response(request)
  File "C:\Users\Kiragu\AppData\Roaming\Python\Python314\site-packages\django\core\handlers\base.py", line 197, in _get_response
    response = wrapped_callback(request, *callback_args, **callback_kwargs)
  File "E:\EVENTS\events\views.py", line 87, in dashboard
    return render(request, "events/dashboard.html", {
        "recommended": recommended,
    ...<5 lines>...
        "social_recent": social_recent,
    })
  File "C:\Users\Kiragu\AppData\Roaming\Python\Python314\site-packages\django\shortcuts.py", line 25, in render
    content = loader.render_to_string(template_name, context, request, using=using)
  File "C:\Users\Kiragu\AppData\Roaming\Python\Python314\site-packages\django\template\loader.py", line 62, in render_to_string
    return template.render(context, request)
           ~~~~~~~~~~~~~~~^^^^^^^^^^^^^^^^^^
  File "C:\Users\Kiragu\AppData\Roaming\Python\Python314\site-packages\django\template\backends\django.py", line 107, in render
    return self.template.render(context)
           ~~~~~~~~~~~~~~~~~~~~^^^^^^^^^
  File "C:\Users\Kiragu\AppData\Roaming\Python\Python314\site-packages\django\template\base.py", line 172, in render
    return self._render(context)
           ~~~~~~~~~~~~^^^^^^^^^
  File "C:\Users\Kiragu\AppData\Roaming\Python\Python314\site-packages\django\template\base.py", line 164, in _render
    return self.nodelist.render(context)
           ~~~~~~~~~~~~~~~~~~~~^^^^^^^^^
  File "C:\Users\Kiragu\AppData\Roaming\Python\Python314\site-packages\django\template\base.py", line 1018, in render
    return SafeString("".join([node.render_annotated(context) for node in self]))
                               ~~~~~~~~~~~~~~~~~~~~~^^^^^^^^^
  File "C:\Users\Kiragu\AppData\Roaming\Python\Python314\site-packages\django\template\base.py", line 979, in render_annotated
    return self.render(context)
           ~~~~~~~~~~~^^^^^^^^^
  File "C:\Users\Kiragu\AppData\Roaming\Python\Python314\site-packages\django\template\loader_tags.py", line 159, in render
    return compiled_parent._render(context)
           ~~~~~~~~~~~~~~~~~~~~~~~^^^^^^^^^
  File "C:\Users\Kiragu\AppData\Roaming\Python\Python314\site-packages\django\template\base.py", line 164, in _render
    return self.nodelist.render(context)
           ~~~~~~~~~~~~~~~~~~~~^^^^^^^^^
  File "C:\Users\Kiragu\AppData\Roaming\Python\Python314\site-packages\django\template\base.py", line 1018, in render
    return SafeString("".join([node.render_annotated(context) for node in self]))
                               ~~~~~~~~~~~~~~~~~~~~~^^^^^^^^^
  File "C:\Users\Kiragu\AppData\Roaming\Python\Python314\site-packages\django\template\base.py", line 979, in render_annotated
    return self.render(context)
           ~~~~~~~~~~~^^^^^^^^^
  File "C:\Users\Kiragu\AppData\Roaming\Python\Python314\site-packages\django\template\loader_tags.py", line 65, in render
    result = block.nodelist.render(context)
  File "C:\Users\Kiragu\AppData\Roaming\Python\Python314\site-packages\django\template\base.py", line 1018, in render
    return SafeString("".join([node.render_annotated(context) for node in self]))
                               ~~~~~~~~~~~~~~~~~~~~~^^^^^^^^^
  File "C:\Users\Kiragu\AppData\Roaming\Python\Python314\site-packages\django\template\base.py", line 979, in render_annotated
    return self.render(context)
           ~~~~~~~~~~~^^^^^^^^^
  File "C:\Users\Kiragu\AppData\Roaming\Python\Python314\site-packages\django\template\defaulttags.py", line 326, in render
    if match:
       ^^^^^
  File "C:\Users\Kiragu\AppData\Roaming\Python\Python314\site-packages\django\db\models\query.py", line 400, in __bool__
    self._fetch_all()
    ~~~~~~~~~~~~~~~^^
  File "C:\Users\Kiragu\AppData\Roaming\Python\Python314\site-packages\django\db\models\query.py", line 1954, in _fetch_all
    self._result_cache = list(self._iterable_class(self))
                         ~~~~^^^^^^^^^^^^^^^^^^^^^^^^^^^^
  File "C:\Users\Kiragu\AppData\Roaming\Python\Python314\site-packages\django\db\models\query.py", line 93, in __iter__
    results = compiler.execute_sql(
        chunked_fetch=self.chunked_fetch, chunk_size=self.chunk_size
    )
  File "C:\Users\Kiragu\AppData\Roaming\Python\Python314\site-packages\django\db\models\sql\compiler.py", line 1623, in execute_sql
    cursor.execute(sql, params)
    ~~~~~~~~~~~~~~^^^^^^^^^^^^^
  File "C:\Users\Kiragu\AppData\Roaming\Python\Python314\site-packages\django\db\backends\utils.py", line 122, in execute
    return super().execute(sql, params)
           ~~~~~~~~~~~~~~~^^^^^^^^^^^^^
  File "C:\Users\Kiragu\AppData\Roaming\Python\Python314\site-packages\django\db\backends\utils.py", line 79, in execute
    return self._execute_with_wrappers(
           ~~~~~~~~~~~~~~~~~~~~~~~~~~~^
        sql, params, many=False, executor=self._execute
        ^^^^^^^^^^^^^^^^^^^^^^^^^^^^^^^^^^^^^^^^^^^^^^^
    )
    ^
  File "C:\Users\Kiragu\AppData\Roaming\Python\Python314\site-packages\django\db\backends\utils.py", line 92, in _execute_with_wrappers
    return executor(sql, params, many, context)
  File "C:\Users\Kiragu\AppData\Roaming\Python\Python314\site-packages\django\db\backends\utils.py", line 100, in _execute
    with self.db.wrap_database_errors:
         ^^^^^^^^^^^^^^^^^^^^^^^^^^^^
  File "C:\Users\Kiragu\AppData\Roaming\Python\Python314\site-packages\django\db\utils.py", line 91, in __exit__
    raise dj_exc_value.with_traceback(traceback) from exc_value
  File "C:\Users\Kiragu\AppData\Roaming\Python\Python314\site-packages\django\db\backends\utils.py", line 105, in _execute
    return self.cursor.execute(sql, params)
           ~~~~~~~~~~~~~~~~~~~^^^^^^^^^^^^^
  File "C:\Users\Kiragu\AppData\Roaming\Python\Python314\site-packages\django\db\backends\sqlite3\base.py", line 360, in execute
    return super().execute(query, params)
           ~~~~~~~~~~~~~~~^^^^^^^^^^^^^^^
django.db.utils.OperationalError: no such column: events_event.description
2026-06-08 11:44:43,894 ERROR django.request Internal Server Error: /
Traceback (most recent call last):
  File "C:\Users\Kiragu\AppData\Roaming\Python\Python314\site-packages\django\db\backends\utils.py", line 105, in _execute
    return self.cursor.execute(sql, params)
           ~~~~~~~~~~~~~~~~~~~^^^^^^^^^^^^^
  File "C:\Users\Kiragu\AppData\Roaming\Python\Python314\site-packages\django\db\backends\sqlite3\base.py", line 360, in execute
    return super().execute(query, params)
           ~~~~~~~~~~~~~~~^^^^^^^^^^^^^^^
sqlite3.OperationalError: no such column: events_event.description

The above exception was the direct cause of the following exception:

Traceback (most recent call last):
  File "C:\Users\Kiragu\AppData\Roaming\Python\Python314\site-packages\django\core\handlers\exception.py", line 55, in inner
    response = get_response(request)
  File "C:\Users\Kiragu\AppData\Roaming\Python\Python314\site-packages\django\core\handlers\base.py", line 197, in _get_response
    response = wrapped_callback(request, *callback_args, **callback_kwargs)
  File "E:\EVENTS\events\views.py", line 87, in dashboard
    return render(request, "events/dashboard.html", {
        "recommended": recommended,
    ...<5 lines>...
        "social_recent": social_recent,
    })
  File "C:\Users\Kiragu\AppData\Roaming\Python\Python314\site-packages\django\shortcuts.py", line 25, in render
    content = loader.render_to_string(template_name, context, request, using=using)
  File "C:\Users\Kiragu\AppData\Roaming\Python\Python314\site-packages\django\template\loader.py", line 62, in render_to_string
    return template.render(context, request)
           ~~~~~~~~~~~~~~~^^^^^^^^^^^^^^^^^^
  File "C:\Users\Kiragu\AppData\Roaming\Python\Python314\site-packages\django\template\backends\django.py", line 107, in render
    return self.template.render(context)
           ~~~~~~~~~~~~~~~~~~~~^^^^^^^^^
  File "C:\Users\Kiragu\AppData\Roaming\Python\Python314\site-packages\django\template\base.py", line 172, in render
    return self._render(context)
           ~~~~~~~~~~~~^^^^^^^^^
  File "C:\Users\Kiragu\AppData\Roaming\Python\Python314\site-packages\django\template\base.py", line 164, in _render
    return self.nodelist.render(context)
           ~~~~~~~~~~~~~~~~~~~~^^^^^^^^^
  File "C:\Users\Kiragu\AppData\Roaming\Python\Python314\site-packages\django\template\base.py", line 1018, in render
    return SafeString("".join([node.render_annotated(context) for node in self]))
                               ~~~~~~~~~~~~~~~~~~~~~^^^^^^^^^
  File "C:\Users\Kiragu\AppData\Roaming\Python\Python314\site-packages\django\template\base.py", line 979, in render_annotated
    return self.render(context)
           ~~~~~~~~~~~^^^^^^^^^
  File "C:\Users\Kiragu\AppData\Roaming\Python\Python314\site-packages\django\template\loader_tags.py", line 159, in render
    return compiled_parent._render(context)
           ~~~~~~~~~~~~~~~~~~~~~~~^^^^^^^^^
  File "C:\Users\Kiragu\AppData\Roaming\Python\Python314\site-packages\django\template\base.py", line 164, in _render
    return self.nodelist.render(context)
           ~~~~~~~~~~~~~~~~~~~~^^^^^^^^^
  File "C:\Users\Kiragu\AppData\Roaming\Python\Python314\site-packages\django\template\base.py", line 1018, in render
    return SafeString("".join([node.render_annotated(context) for node in self]))
                               ~~~~~~~~~~~~~~~~~~~~~^^^^^^^^^
  File "C:\Users\Kiragu\AppData\Roaming\Python\Python314\site-packages\django\template\base.py", line 979, in render_annotated
    return self.render(context)
           ~~~~~~~~~~~^^^^^^^^^
  File "C:\Users\Kiragu\AppData\Roaming\Python\Python314\site-packages\django\template\loader_tags.py", line 65, in render
    result = block.nodelist.render(context)
  File "C:\Users\Kiragu\AppData\Roaming\Python\Python314\site-packages\django\template\base.py", line 1018, in render
    return SafeString("".join([node.render_annotated(context) for node in self]))
                               ~~~~~~~~~~~~~~~~~~~~~^^^^^^^^^
  File "C:\Users\Kiragu\AppData\Roaming\Python\Python314\site-packages\django\template\base.py", line 979, in render_annotated
    return self.render(context)
           ~~~~~~~~~~~^^^^^^^^^
  File "C:\Users\Kiragu\AppData\Roaming\Python\Python314\site-packages\django\template\defaulttags.py", line 326, in render
    if match:
       ^^^^^
  File "C:\Users\Kiragu\AppData\Roaming\Python\Python314\site-packages\django\db\models\query.py", line 400, in __bool__
    self._fetch_all()
    ~~~~~~~~~~~~~~~^^
  File "C:\Users\Kiragu\AppData\Roaming\Python\Python314\site-packages\django\db\models\query.py", line 1954, in _fetch_all
    self._result_cache = list(self._iterable_class(self))
                         ~~~~^^^^^^^^^^^^^^^^^^^^^^^^^^^^
  File "C:\Users\Kiragu\AppData\Roaming\Python\Python314\site-packages\django\db\models\query.py", line 93, in __iter__
    results = compiler.execute_sql(
        chunked_fetch=self.chunked_fetch, chunk_size=self.chunk_size
    )
  File "C:\Users\Kiragu\AppData\Roaming\Python\Python314\site-packages\django\db\models\sql\compiler.py", line 1623, in execute_sql
    cursor.execute(sql, params)
    ~~~~~~~~~~~~~~^^^^^^^^^^^^^
  File "C:\Users\Kiragu\AppData\Roaming\Python\Python314\site-packages\django\db\backends\utils.py", line 122, in execute
    return super().execute(sql, params)
           ~~~~~~~~~~~~~~~^^^^^^^^^^^^^
  File "C:\Users\Kiragu\AppData\Roaming\Python\Python314\site-packages\django\db\backends\utils.py", line 79, in execute
    return self._execute_with_wrappers(
           ~~~~~~~~~~~~~~~~~~~~~~~~~~~^
        sql, params, many=False, executor=self._execute
        ^^^^^^^^^^^^^^^^^^^^^^^^^^^^^^^^^^^^^^^^^^^^^^^
    )
    ^
  File "C:\Users\Kiragu\AppData\Roaming\Python\Python314\site-packages\django\db\backends\utils.py", line 92, in _execute_with_wrappers
    return executor(sql, params, many, context)
  File "C:\Users\Kiragu\AppData\Roaming\Python\Python314\site-packages\django\db\backends\utils.py", line 100, in _execute
    with self.db.wrap_database_errors:
         ^^^^^^^^^^^^^^^^^^^^^^^^^^^^
  File "C:\Users\Kiragu\AppData\Roaming\Python\Python314\site-packages\django\db\utils.py", line 91, in __exit__
    raise dj_exc_value.with_traceback(traceback) from exc_value
  File "C:\Users\Kiragu\AppData\Roaming\Python\Python314\site-packages\django\db\backends\utils.py", line 105, in _execute
    return self.cursor.execute(sql, params)
           ~~~~~~~~~~~~~~~~~~~^^^^^^^^^^^^^
  File "C:\Users\Kiragu\AppData\Roaming\Python\Python314\site-packages\django\db\backends\sqlite3\base.py", line 360, in execute
    return super().execute(query, params)
           ~~~~~~~~~~~~~~~^^^^^^^^^^^^^^^
django.db.utils.OperationalError: no such column: events_event.description
2026-06-08 11:44:47,630 ERROR django.request Internal Server Error: /
Traceback (most recent call last):
  File "C:\Users\Kiragu\AppData\Roaming\Python\Python314\site-packages\django\db\backends\utils.py", line 105, in _execute
    return self.cursor.execute(sql, params)
           ~~~~~~~~~~~~~~~~~~~^^^^^^^^^^^^^
  File "C:\Users\Kiragu\AppData\Roaming\Python\Python314\site-packages\django\db\backends\sqlite3\base.py", line 360, in execute
    return super().execute(query, params)
           ~~~~~~~~~~~~~~~^^^^^^^^^^^^^^^
sqlite3.OperationalError: no such column: events_event.description

The above exception was the direct cause of the following exception:

Traceback (most recent call last):
  File "C:\Users\Kiragu\AppData\Roaming\Python\Python314\site-packages\django\core\handlers\exception.py", line 55, in inner
    response = get_response(request)
  File "C:\Users\Kiragu\AppData\Roaming\Python\Python314\site-packages\django\core\handlers\base.py", line 197, in _get_response
    response = wrapped_callback(request, *callback_args, **callback_kwargs)
  File "E:\EVENTS\events\views.py", line 87, in dashboard
    return render(request, "events/dashboard.html", {
        "recommended": recommended,
    ...<5 lines>...
        "social_recent": social_recent,
    })
  File "C:\Users\Kiragu\AppData\Roaming\Python\Python314\site-packages\django\shortcuts.py", line 25, in render
    content = loader.render_to_string(template_name, context, request, using=using)
  File "C:\Users\Kiragu\AppData\Roaming\Python\Python314\site-packages\django\template\loader.py", line 62, in render_to_string
    return template.render(context, request)
           ~~~~~~~~~~~~~~~^^^^^^^^^^^^^^^^^^
  File "C:\Users\Kiragu\AppData\Roaming\Python\Python314\site-packages\django\template\backends\django.py", line 107, in render
    return self.template.render(context)
           ~~~~~~~~~~~~~~~~~~~~^^^^^^^^^
  File "C:\Users\Kiragu\AppData\Roaming\Python\Python314\site-packages\django\template\base.py", line 172, in render
    return self._render(context)
           ~~~~~~~~~~~~^^^^^^^^^
  File "C:\Users\Kiragu\AppData\Roaming\Python\Python314\site-packages\django\template\base.py", line 164, in _render
    return self.nodelist.render(context)
           ~~~~~~~~~~~~~~~~~~~~^^^^^^^^^
  File "C:\Users\Kiragu\AppData\Roaming\Python\Python314\site-packages\django\template\base.py", line 1018, in render
    return SafeString("".join([node.render_annotated(context) for node in self]))
                               ~~~~~~~~~~~~~~~~~~~~~^^^^^^^^^
  File "C:\Users\Kiragu\AppData\Roaming\Python\Python314\site-packages\django\template\base.py", line 979, in render_annotated
    return self.render(context)
           ~~~~~~~~~~~^^^^^^^^^
  File "C:\Users\Kiragu\AppData\Roaming\Python\Python314\site-packages\django\template\loader_tags.py", line 159, in render
    return compiled_parent._render(context)
           ~~~~~~~~~~~~~~~~~~~~~~~^^^^^^^^^
  File "C:\Users\Kiragu\AppData\Roaming\Python\Python314\site-packages\django\template\base.py", line 164, in _render
    return self.nodelist.render(context)
           ~~~~~~~~~~~~~~~~~~~~^^^^^^^^^
  File "C:\Users\Kiragu\AppData\Roaming\Python\Python314\site-packages\django\template\base.py", line 1018, in render
    return SafeString("".join([node.render_annotated(context) for node in self]))
                               ~~~~~~~~~~~~~~~~~~~~~^^^^^^^^^
  File "C:\Users\Kiragu\AppData\Roaming\Python\Python314\site-packages\django\template\base.py", line 979, in render_annotated
    return self.render(context)
           ~~~~~~~~~~~^^^^^^^^^
  File "C:\Users\Kiragu\AppData\Roaming\Python\Python314\site-packages\django\template\loader_tags.py", line 65, in render
    result = block.nodelist.render(context)
  File "C:\Users\Kiragu\AppData\Roaming\Python\Python314\site-packages\django\template\base.py", line 1018, in render
    return SafeString("".join([node.render_annotated(context) for node in self]))
                               ~~~~~~~~~~~~~~~~~~~~~^^^^^^^^^
  File "C:\Users\Kiragu\AppData\Roaming\Python\Python314\site-packages\django\template\base.py", line 979, in render_annotated
    return self.render(context)
           ~~~~~~~~~~~^^^^^^^^^
  File "C:\Users\Kiragu\AppData\Roaming\Python\Python314\site-packages\django\template\defaulttags.py", line 326, in render
    if match:
       ^^^^^
  File "C:\Users\Kiragu\AppData\Roaming\Python\Python314\site-packages\django\db\models\query.py", line 400, in __bool__
    self._fetch_all()
    ~~~~~~~~~~~~~~~^^
  File "C:\Users\Kiragu\AppData\Roaming\Python\Python314\site-packages\django\db\models\query.py", line 1954, in _fetch_all
    self._result_cache = list(self._iterable_class(self))
                         ~~~~^^^^^^^^^^^^^^^^^^^^^^^^^^^^
  File "C:\Users\Kiragu\AppData\Roaming\Python\Python314\site-packages\django\db\models\query.py", line 93, in __iter__
    results = compiler.execute_sql(
        chunked_fetch=self.chunked_fetch, chunk_size=self.chunk_size
    )
  File "C:\Users\Kiragu\AppData\Roaming\Python\Python314\site-packages\django\db\models\sql\compiler.py", line 1623, in execute_sql
    cursor.execute(sql, params)
    ~~~~~~~~~~~~~~^^^^^^^^^^^^^
  File "C:\Users\Kiragu\AppData\Roaming\Python\Python314\site-packages\django\db\backends\utils.py", line 122, in execute
    return super().execute(sql, params)
           ~~~~~~~~~~~~~~~^^^^^^^^^^^^^
  File "C:\Users\Kiragu\AppData\Roaming\Python\Python314\site-packages\django\db\backends\utils.py", line 79, in execute
    return self._execute_with_wrappers(
           ~~~~~~~~~~~~~~~~~~~~~~~~~~~^
        sql, params, many=False, executor=self._execute
        ^^^^^^^^^^^^^^^^^^^^^^^^^^^^^^^^^^^^^^^^^^^^^^^
    )
    ^
  File "C:\Users\Kiragu\AppData\Roaming\Python\Python314\site-packages\django\db\backends\utils.py", line 92, in _execute_with_wrappers
    return executor(sql, params, many, context)
  File "C:\Users\Kiragu\AppData\Roaming\Python\Python314\site-packages\django\db\backends\utils.py", line 100, in _execute
    with self.db.wrap_database_errors:
         ^^^^^^^^^^^^^^^^^^^^^^^^^^^^
  File "C:\Users\Kiragu\AppData\Roaming\Python\Python314\site-packages\django\db\utils.py", line 91, in __exit__
    raise dj_exc_value.with_traceback(traceback) from exc_value
  File "C:\Users\Kiragu\AppData\Roaming\Python\Python314\site-packages\django\db\backends\utils.py", line 105, in _execute
    return self.cursor.execute(sql, params)
           ~~~~~~~~~~~~~~~~~~~^^^^^^^^^^^^^
  File "C:\Users\Kiragu\AppData\Roaming\Python\Python314\site-packages\django\db\backends\sqlite3\base.py", line 360, in execute
    return super().execute(query, params)
           ~~~~~~~~~~~~~~~^^^^^^^^^^^^^^^
django.db.utils.OperationalError: no such column: events_event.description
2026-06-08 11:44:50,395 ERROR django.request Internal Server Error: /
Traceback (most recent call last):
  File "C:\Users\Kiragu\AppData\Roaming\Python\Python314\site-packages\django\db\backends\utils.py", line 105, in _execute
    return self.cursor.execute(sql, params)
           ~~~~~~~~~~~~~~~~~~~^^^^^^^^^^^^^
  File "C:\Users\Kiragu\AppData\Roaming\Python\Python314\site-packages\django\db\backends\sqlite3\base.py", line 360, in execute
    return super().execute(query, params)
           ~~~~~~~~~~~~~~~^^^^^^^^^^^^^^^
sqlite3.OperationalError: no such column: events_event.description

The above exception was the direct cause of the following exception:

Traceback (most recent call last):
  File "C:\Users\Kiragu\AppData\Roaming\Python\Python314\site-packages\django\core\handlers\exception.py", line 55, in inner
    response = get_response(request)
  File "C:\Users\Kiragu\AppData\Roaming\Python\Python314\site-packages\django\core\handlers\base.py", line 197, in _get_response
    response = wrapped_callback(request, *callback_args, **callback_kwargs)
  File "E:\EVENTS\events\views.py", line 87, in dashboard
    return render(request, "events/dashboard.html", {
        "recommended": recommended,
    ...<5 lines>...
        "social_recent": social_recent,
    })
  File "C:\Users\Kiragu\AppData\Roaming\Python\Python314\site-packages\django\shortcuts.py", line 25, in render
    content = loader.render_to_string(template_name, context, request, using=using)
  File "C:\Users\Kiragu\AppData\Roaming\Python\Python314\site-packages\django\template\loader.py", line 62, in render_to_string
    return template.render(context, request)
           ~~~~~~~~~~~~~~~^^^^^^^^^^^^^^^^^^
  File "C:\Users\Kiragu\AppData\Roaming\Python\Python314\site-packages\django\template\backends\django.py", line 107, in render
    return self.template.render(context)
           ~~~~~~~~~~~~~~~~~~~~^^^^^^^^^
  File "C:\Users\Kiragu\AppData\Roaming\Python\Python314\site-packages\django\template\base.py", line 172, in render
    return self._render(context)
           ~~~~~~~~~~~~^^^^^^^^^
  File "C:\Users\Kiragu\AppData\Roaming\Python\Python314\site-packages\django\template\base.py", line 164, in _render
    return self.nodelist.render(context)
           ~~~~~~~~~~~~~~~~~~~~^^^^^^^^^
  File "C:\Users\Kiragu\AppData\Roaming\Python\Python314\site-packages\django\template\base.py", line 1018, in render
    return SafeString("".join([node.render_annotated(context) for node in self]))
                               ~~~~~~~~~~~~~~~~~~~~~^^^^^^^^^
  File "C:\Users\Kiragu\AppData\Roaming\Python\Python314\site-packages\django\template\base.py", line 979, in render_annotated
    return self.render(context)
           ~~~~~~~~~~~^^^^^^^^^
  File "C:\Users\Kiragu\AppData\Roaming\Python\Python314\site-packages\django\template\loader_tags.py", line 159, in render
    return compiled_parent._render(context)
           ~~~~~~~~~~~~~~~~~~~~~~~^^^^^^^^^
  File "C:\Users\Kiragu\AppData\Roaming\Python\Python314\site-packages\django\template\base.py", line 164, in _render
    return self.nodelist.render(context)
           ~~~~~~~~~~~~~~~~~~~~^^^^^^^^^
  File "C:\Users\Kiragu\AppData\Roaming\Python\Python314\site-packages\django\template\base.py", line 1018, in render
    return SafeString("".join([node.render_annotated(context) for node in self]))
                               ~~~~~~~~~~~~~~~~~~~~~^^^^^^^^^
  File "C:\Users\Kiragu\AppData\Roaming\Python\Python314\site-packages\django\template\base.py", line 979, in render_annotated
    return self.render(context)
           ~~~~~~~~~~~^^^^^^^^^
  File "C:\Users\Kiragu\AppData\Roaming\Python\Python314\site-packages\django\template\loader_tags.py", line 65, in render
    result = block.nodelist.render(context)
  File "C:\Users\Kiragu\AppData\Roaming\Python\Python314\site-packages\django\template\base.py", line 1018, in render
    return SafeString("".join([node.render_annotated(context) for node in self]))
                               ~~~~~~~~~~~~~~~~~~~~~^^^^^^^^^
  File "C:\Users\Kiragu\AppData\Roaming\Python\Python314\site-packages\django\template\base.py", line 979, in render_annotated
    return self.render(context)
           ~~~~~~~~~~~^^^^^^^^^
  File "C:\Users\Kiragu\AppData\Roaming\Python\Python314\site-packages\django\template\defaulttags.py", line 326, in render
    if match:
       ^^^^^
  File "C:\Users\Kiragu\AppData\Roaming\Python\Python314\site-packages\django\db\models\query.py", line 400, in __bool__
    self._fetch_all()
    ~~~~~~~~~~~~~~~^^
  File "C:\Users\Kiragu\AppData\Roaming\Python\Python314\site-packages\django\db\models\query.py", line 1954, in _fetch_all
    self._result_cache = list(self._iterable_class(self))
                         ~~~~^^^^^^^^^^^^^^^^^^^^^^^^^^^^
  File "C:\Users\Kiragu\AppData\Roaming\Python\Python314\site-packages\django\db\models\query.py", line 93, in __iter__
    results = compiler.execute_sql(
        chunked_fetch=self.chunked_fetch, chunk_size=self.chunk_size
    )
  File "C:\Users\Kiragu\AppData\Roaming\Python\Python314\site-packages\django\db\models\sql\compiler.py", line 1623, in execute_sql
    cursor.execute(sql, params)
    ~~~~~~~~~~~~~~^^^^^^^^^^^^^
  File "C:\Users\Kiragu\AppData\Roaming\Python\Python314\site-packages\django\db\backends\utils.py", line 122, in execute
    return super().execute(sql, params)
           ~~~~~~~~~~~~~~~^^^^^^^^^^^^^
  File "C:\Users\Kiragu\AppData\Roaming\Python\Python314\site-packages\django\db\backends\utils.py", line 79, in execute
    return self._execute_with_wrappers(
           ~~~~~~~~~~~~~~~~~~~~~~~~~~~^
        sql, params, many=False, executor=self._execute
        ^^^^^^^^^^^^^^^^^^^^^^^^^^^^^^^^^^^^^^^^^^^^^^^
    )
    ^
  File "C:\Users\Kiragu\AppData\Roaming\Python\Python314\site-packages\django\db\backends\utils.py", line 92, in _execute_with_wrappers
    return executor(sql, params, many, context)
  File "C:\Users\Kiragu\AppData\Roaming\Python\Python314\site-packages\django\db\backends\utils.py", line 100, in _execute
    with self.db.wrap_database_errors:
         ^^^^^^^^^^^^^^^^^^^^^^^^^^^^
  File "C:\Users\Kiragu\AppData\Roaming\Python\Python314\site-packages\django\db\utils.py", line 91, in __exit__
    raise dj_exc_value.with_traceback(traceback) from exc_value
  File "C:\Users\Kiragu\AppData\Roaming\Python\Python314\site-packages\django\db\backends\utils.py", line 105, in _execute
    return self.cursor.execute(sql, params)
           ~~~~~~~~~~~~~~~~~~~^^^^^^^^^^^^^
  File "C:\Users\Kiragu\AppData\Roaming\Python\Python314\site-packages\django\db\backends\sqlite3\base.py", line 360, in execute
    return super().execute(query, params)
           ~~~~~~~~~~~~~~~^^^^^^^^^^^^^^^
django.db.utils.OperationalError: no such column: events_event.description
2026-06-08 11:46:14,128 INFO events.services.autoscan Autoscan scheduler started
2026-06-08 11:46:16,766 INFO events.services.autoscan Autoscan scheduler started
2026-06-08 11:46:16,850 INFO django.utils.autoreload Watching for file changes with StatReloader
2026-06-08 11:47:31,693 INFO events.services.autoscan Autoscan scheduler started
2026-06-08 11:47:33,599 INFO events.services.autoscan Autoscan scheduler started
2026-06-08 11:47:33,689 INFO django.utils.autoreload Watching for file changes with StatReloader
2026-06-08 11:47:59,472 ERROR django.request Internal Server Error: /
Traceback (most recent call last):
  File "C:\Users\Kiragu\AppData\Roaming\Python\Python314\site-packages\django\db\backends\utils.py", line 105, in _execute
    return self.cursor.execute(sql, params)
           ~~~~~~~~~~~~~~~~~~~^^^^^^^^^^^^^
  File "C:\Users\Kiragu\AppData\Roaming\Python\Python314\site-packages\django\db\backends\sqlite3\base.py", line 360, in execute
    return super().execute(query, params)
           ~~~~~~~~~~~~~~~^^^^^^^^^^^^^^^
sqlite3.OperationalError: no such column: events_event.description

The above exception was the direct cause of the following exception:

Traceback (most recent call last):
  File "C:\Users\Kiragu\AppData\Roaming\Python\Python314\site-packages\django\core\handlers\exception.py", line 55, in inner
    response = get_response(request)
  File "C:\Users\Kiragu\AppData\Roaming\Python\Python314\site-packages\django\core\handlers\base.py", line 197, in _get_response
    response = wrapped_callback(request, *callback_args, **callback_kwargs)
  File "E:\EVENTS\events\views.py", line 87, in dashboard
    return render(request, "events/dashboard.html", {
        "recommended": recommended,
    ...<5 lines>...
        "social_recent": social_recent,
    })
  File "C:\Users\Kiragu\AppData\Roaming\Python\Python314\site-packages\django\shortcuts.py", line 25, in render
    content = loader.render_to_string(template_name, context, request, using=using)
  File "C:\Users\Kiragu\AppData\Roaming\Python\Python314\site-packages\django\template\loader.py", line 62, in render_to_string
    return template.render(context, request)
           ~~~~~~~~~~~~~~~^^^^^^^^^^^^^^^^^^
  File "C:\Users\Kiragu\AppData\Roaming\Python\Python314\site-packages\django\template\backends\django.py", line 107, in render
    return self.template.render(context)
           ~~~~~~~~~~~~~~~~~~~~^^^^^^^^^
  File "C:\Users\Kiragu\AppData\Roaming\Python\Python314\site-packages\django\template\base.py", line 172, in render
    return self._render(context)
           ~~~~~~~~~~~~^^^^^^^^^
  File "C:\Users\Kiragu\AppData\Roaming\Python\Python314\site-packages\django\template\base.py", line 164, in _render
    return self.nodelist.render(context)
           ~~~~~~~~~~~~~~~~~~~~^^^^^^^^^
  File "C:\Users\Kiragu\AppData\Roaming\Python\Python314\site-packages\django\template\base.py", line 1018, in render
    return SafeString("".join([node.render_annotated(context) for node in self]))
                               ~~~~~~~~~~~~~~~~~~~~~^^^^^^^^^
  File "C:\Users\Kiragu\AppData\Roaming\Python\Python314\site-packages\django\template\base.py", line 979, in render_annotated
    return self.render(context)
           ~~~~~~~~~~~^^^^^^^^^
  File "C:\Users\Kiragu\AppData\Roaming\Python\Python314\site-packages\django\template\loader_tags.py", line 159, in render
    return compiled_parent._render(context)
           ~~~~~~~~~~~~~~~~~~~~~~~^^^^^^^^^
  File "C:\Users\Kiragu\AppData\Roaming\Python\Python314\site-packages\django\template\base.py", line 164, in _render
    return self.nodelist.render(context)
           ~~~~~~~~~~~~~~~~~~~~^^^^^^^^^
  File "C:\Users\Kiragu\AppData\Roaming\Python\Python314\site-packages\django\template\base.py", line 1018, in render
    return SafeString("".join([node.render_annotated(context) for node in self]))
                               ~~~~~~~~~~~~~~~~~~~~~^^^^^^^^^
  File "C:\Users\Kiragu\AppData\Roaming\Python\Python314\site-packages\django\template\base.py", line 979, in render_annotated
    return self.render(context)
           ~~~~~~~~~~~^^^^^^^^^
  File "C:\Users\Kiragu\AppData\Roaming\Python\Python314\site-packages\django\template\loader_tags.py", line 65, in render
    result = block.nodelist.render(context)
  File "C:\Users\Kiragu\AppData\Roaming\Python\Python314\site-packages\django\template\base.py", line 1018, in render
    return SafeString("".join([node.render_annotated(context) for node in self]))
                               ~~~~~~~~~~~~~~~~~~~~~^^^^^^^^^
  File "C:\Users\Kiragu\AppData\Roaming\Python\Python314\site-packages\django\template\base.py", line 979, in render_annotated
    return self.render(context)
           ~~~~~~~~~~~^^^^^^^^^
  File "C:\Users\Kiragu\AppData\Roaming\Python\Python314\site-packages\django\template\defaulttags.py", line 326, in render
    if match:
       ^^^^^
  File "C:\Users\Kiragu\AppData\Roaming\Python\Python314\site-packages\django\db\models\query.py", line 400, in __bool__
    self._fetch_all()
    ~~~~~~~~~~~~~~~^^
  File "C:\Users\Kiragu\AppData\Roaming\Python\Python314\site-packages\django\db\models\query.py", line 1954, in _fetch_all
    self._result_cache = list(self._iterable_class(self))
                         ~~~~^^^^^^^^^^^^^^^^^^^^^^^^^^^^
  File "C:\Users\Kiragu\AppData\Roaming\Python\Python314\site-packages\django\db\models\query.py", line 93, in __iter__
    results = compiler.execute_sql(
        chunked_fetch=self.chunked_fetch, chunk_size=self.chunk_size
    )
  File "C:\Users\Kiragu\AppData\Roaming\Python\Python314\site-packages\django\db\models\sql\compiler.py", line 1623, in execute_sql
    cursor.execute(sql, params)
    ~~~~~~~~~~~~~~^^^^^^^^^^^^^
  File "C:\Users\Kiragu\AppData\Roaming\Python\Python314\site-packages\django\db\backends\utils.py", line 122, in execute
    return super().execute(sql, params)
           ~~~~~~~~~~~~~~~^^^^^^^^^^^^^
  File "C:\Users\Kiragu\AppData\Roaming\Python\Python314\site-packages\django\db\backends\utils.py", line 79, in execute
    return self._execute_with_wrappers(
           ~~~~~~~~~~~~~~~~~~~~~~~~~~~^
        sql, params, many=False, executor=self._execute
        ^^^^^^^^^^^^^^^^^^^^^^^^^^^^^^^^^^^^^^^^^^^^^^^
    )
    ^
  File "C:\Users\Kiragu\AppData\Roaming\Python\Python314\site-packages\django\db\backends\utils.py", line 92, in _execute_with_wrappers
    return executor(sql, params, many, context)
  File "C:\Users\Kiragu\AppData\Roaming\Python\Python314\site-packages\django\db\backends\utils.py", line 100, in _execute
    with self.db.wrap_database_errors:
         ^^^^^^^^^^^^^^^^^^^^^^^^^^^^
  File "C:\Users\Kiragu\AppData\Roaming\Python\Python314\site-packages\django\db\utils.py", line 91, in __exit__
    raise dj_exc_value.with_traceback(traceback) from exc_value
  File "C:\Users\Kiragu\AppData\Roaming\Python\Python314\site-packages\django\db\backends\utils.py", line 105, in _execute
    return self.cursor.execute(sql, params)
           ~~~~~~~~~~~~~~~~~~~^^^^^^^^^^^^^
  File "C:\Users\Kiragu\AppData\Roaming\Python\Python314\site-packages\django\db\backends\sqlite3\base.py", line 360, in execute
    return super().execute(query, params)
           ~~~~~~~~~~~~~~~^^^^^^^^^^^^^^^
django.db.utils.OperationalError: no such column: events_event.description
2026-06-08 11:48:01,655 ERROR django.request Internal Server Error: /events/
Traceback (most recent call last):
  File "C:\Users\Kiragu\AppData\Roaming\Python\Python314\site-packages\django\db\backends\utils.py", line 105, in _execute
    return self.cursor.execute(sql, params)
           ~~~~~~~~~~~~~~~~~~~^^^^^^^^^^^^^
  File "C:\Users\Kiragu\AppData\Roaming\Python\Python314\site-packages\django\db\backends\sqlite3\base.py", line 360, in execute
    return super().execute(query, params)
           ~~~~~~~~~~~~~~~^^^^^^^^^^^^^^^
sqlite3.OperationalError: no such column: events_event.description

The above exception was the direct cause of the following exception:

Traceback (most recent call last):
  File "C:\Users\Kiragu\AppData\Roaming\Python\Python314\site-packages\django\core\handlers\exception.py", line 55, in inner
    response = get_response(request)
  File "C:\Users\Kiragu\AppData\Roaming\Python\Python314\site-packages\django\core\handlers\base.py", line 197, in _get_response
    response = wrapped_callback(request, *callback_args, **callback_kwargs)
  File "E:\EVENTS\events\views.py", line 114, in event_list
    return render(request, "events/event_list.html", {
        "page_obj": page,
    ...<4 lines>...
        "query_string": build_query_string(params),
    })
  File "C:\Users\Kiragu\AppData\Roaming\Python\Python314\site-packages\django\shortcuts.py", line 25, in render
    content = loader.render_to_string(template_name, context, request, using=using)
  File "C:\Users\Kiragu\AppData\Roaming\Python\Python314\site-packages\django\template\loader.py", line 62, in render_to_string
    return template.render(context, request)
           ~~~~~~~~~~~~~~~^^^^^^^^^^^^^^^^^^
  File "C:\Users\Kiragu\AppData\Roaming\Python\Python314\site-packages\django\template\backends\django.py", line 107, in render
    return self.template.render(context)
           ~~~~~~~~~~~~~~~~~~~~^^^^^^^^^
  File "C:\Users\Kiragu\AppData\Roaming\Python\Python314\site-packages\django\template\base.py", line 172, in render
    return self._render(context)
           ~~~~~~~~~~~~^^^^^^^^^
  File "C:\Users\Kiragu\AppData\Roaming\Python\Python314\site-packages\django\template\base.py", line 164, in _render
    return self.nodelist.render(context)
           ~~~~~~~~~~~~~~~~~~~~^^^^^^^^^
  File "C:\Users\Kiragu\AppData\Roaming\Python\Python314\site-packages\django\template\base.py", line 1018, in render
    return SafeString("".join([node.render_annotated(context) for node in self]))
                               ~~~~~~~~~~~~~~~~~~~~~^^^^^^^^^
  File "C:\Users\Kiragu\AppData\Roaming\Python\Python314\site-packages\django\template\base.py", line 979, in render_annotated
    return self.render(context)
           ~~~~~~~~~~~^^^^^^^^^
  File "C:\Users\Kiragu\AppData\Roaming\Python\Python314\site-packages\django\template\loader_tags.py", line 159, in render
    return compiled_parent._render(context)
           ~~~~~~~~~~~~~~~~~~~~~~~^^^^^^^^^
  File "C:\Users\Kiragu\AppData\Roaming\Python\Python314\site-packages\django\template\base.py", line 164, in _render
    return self.nodelist.render(context)
           ~~~~~~~~~~~~~~~~~~~~^^^^^^^^^
  File "C:\Users\Kiragu\AppData\Roaming\Python\Python314\site-packages\django\template\base.py", line 1018, in render
    return SafeString("".join([node.render_annotated(context) for node in self]))
                               ~~~~~~~~~~~~~~~~~~~~~^^^^^^^^^
  File "C:\Users\Kiragu\AppData\Roaming\Python\Python314\site-packages\django\template\base.py", line 979, in render_annotated
    return self.render(context)
           ~~~~~~~~~~~^^^^^^^^^
  File "C:\Users\Kiragu\AppData\Roaming\Python\Python314\site-packages\django\template\loader_tags.py", line 65, in render
    result = block.nodelist.render(context)
  File "C:\Users\Kiragu\AppData\Roaming\Python\Python314\site-packages\django\template\base.py", line 1018, in render
    return SafeString("".join([node.render_annotated(context) for node in self]))
                               ~~~~~~~~~~~~~~~~~~~~~^^^^^^^^^
  File "C:\Users\Kiragu\AppData\Roaming\Python\Python314\site-packages\django\template\base.py", line 979, in render_annotated
    return self.render(context)
           ~~~~~~~~~~~^^^^^^^^^
  File "C:\Users\Kiragu\AppData\Roaming\Python\Python314\site-packages\django\template\defaulttags.py", line 326, in render
    if match:
       ^^^^^
  File "C:\Users\Kiragu\AppData\Roaming\Python\Python314\site-packages\django\core\paginator.py", line 191, in __len__
    return len(self.object_list)
  File "C:\Users\Kiragu\AppData\Roaming\Python\Python314\site-packages\django\db\models\query.py", line 368, in __len__
    self._fetch_all()
    ~~~~~~~~~~~~~~~^^
  File "C:\Users\Kiragu\AppData\Roaming\Python\Python314\site-packages\django\db\models\query.py", line 1954, in _fetch_all
    self._result_cache = list(self._iterable_class(self))
                         ~~~~^^^^^^^^^^^^^^^^^^^^^^^^^^^^
  File "C:\Users\Kiragu\AppData\Roaming\Python\Python314\site-packages\django\db\models\query.py", line 93, in __iter__
    results = compiler.execute_sql(
        chunked_fetch=self.chunked_fetch, chunk_size=self.chunk_size
    )
  File "C:\Users\Kiragu\AppData\Roaming\Python\Python314\site-packages\django\db\models\sql\compiler.py", line 1623, in execute_sql
    cursor.execute(sql, params)
    ~~~~~~~~~~~~~~^^^^^^^^^^^^^
  File "C:\Users\Kiragu\AppData\Roaming\Python\Python314\site-packages\django\db\backends\utils.py", line 122, in execute
    return super().execute(sql, params)
           ~~~~~~~~~~~~~~~^^^^^^^^^^^^^
  File "C:\Users\Kiragu\AppData\Roaming\Python\Python314\site-packages\django\db\backends\utils.py", line 79, in execute
    return self._execute_with_wrappers(
           ~~~~~~~~~~~~~~~~~~~~~~~~~~~^
        sql, params, many=False, executor=self._execute
        ^^^^^^^^^^^^^^^^^^^^^^^^^^^^^^^^^^^^^^^^^^^^^^^
    )
    ^
  File "C:\Users\Kiragu\AppData\Roaming\Python\Python314\site-packages\django\db\backends\utils.py", line 92, in _execute_with_wrappers
    return executor(sql, params, many, context)
  File "C:\Users\Kiragu\AppData\Roaming\Python\Python314\site-packages\django\db\backends\utils.py", line 100, in _execute
    with self.db.wrap_database_errors:
         ^^^^^^^^^^^^^^^^^^^^^^^^^^^^
  File "C:\Users\Kiragu\AppData\Roaming\Python\Python314\site-packages\django\db\utils.py", line 91, in __exit__
    raise dj_exc_value.with_traceback(traceback) from exc_value
  File "C:\Users\Kiragu\AppData\Roaming\Python\Python314\site-packages\django\db\backends\utils.py", line 105, in _execute
    return self.cursor.execute(sql, params)
           ~~~~~~~~~~~~~~~~~~~^^^^^^^^^^^^^
  File "C:\Users\Kiragu\AppData\Roaming\Python\Python314\site-packages\django\db\backends\sqlite3\base.py", line 360, in execute
    return super().execute(query, params)
           ~~~~~~~~~~~~~~~^^^^^^^^^^^^^^^
django.db.utils.OperationalError: no such column: events_event.description
2026-06-08 11:48:04,111 ERROR django.request Internal Server Error: /events/
Traceback (most recent call last):
  File "C:\Users\Kiragu\AppData\Roaming\Python\Python314\site-packages\django\db\backends\utils.py", line 105, in _execute
    return self.cursor.execute(sql, params)
           ~~~~~~~~~~~~~~~~~~~^^^^^^^^^^^^^
  File "C:\Users\Kiragu\AppData\Roaming\Python\Python314\site-packages\django\db\backends\sqlite3\base.py", line 360, in execute
    return super().execute(query, params)
           ~~~~~~~~~~~~~~~^^^^^^^^^^^^^^^
sqlite3.OperationalError: no such column: events_event.description

The above exception was the direct cause of the following exception:

Traceback (most recent call last):
  File "C:\Users\Kiragu\AppData\Roaming\Python\Python314\site-packages\django\core\handlers\exception.py", line 55, in inner
    response = get_response(request)
  File "C:\Users\Kiragu\AppData\Roaming\Python\Python314\site-packages\django\core\handlers\base.py", line 197, in _get_response
    response = wrapped_callback(request, *callback_args, **callback_kwargs)
  File "E:\EVENTS\events\views.py", line 114, in event_list
    return render(request, "events/event_list.html", {
        "page_obj": page,
    ...<4 lines>...
        "query_string": build_query_string(params),
    })
  File "C:\Users\Kiragu\AppData\Roaming\Python\Python314\site-packages\django\shortcuts.py", line 25, in render
    content = loader.render_to_string(template_name, context, request, using=using)
  File "C:\Users\Kiragu\AppData\Roaming\Python\Python314\site-packages\django\template\loader.py", line 62, in render_to_string
    return template.render(context, request)
           ~~~~~~~~~~~~~~~^^^^^^^^^^^^^^^^^^
  File "C:\Users\Kiragu\AppData\Roaming\Python\Python314\site-packages\django\template\backends\django.py", line 107, in render
    return self.template.render(context)
           ~~~~~~~~~~~~~~~~~~~~^^^^^^^^^
  File "C:\Users\Kiragu\AppData\Roaming\Python\Python314\site-packages\django\template\base.py", line 172, in render
    return self._render(context)
           ~~~~~~~~~~~~^^^^^^^^^
  File "C:\Users\Kiragu\AppData\Roaming\Python\Python314\site-packages\django\template\base.py", line 164, in _render
    return self.nodelist.render(context)
           ~~~~~~~~~~~~~~~~~~~~^^^^^^^^^
  File "C:\Users\Kiragu\AppData\Roaming\Python\Python314\site-packages\django\template\base.py", line 1018, in render
    return SafeString("".join([node.render_annotated(context) for node in self]))
                               ~~~~~~~~~~~~~~~~~~~~~^^^^^^^^^
  File "C:\Users\Kiragu\AppData\Roaming\Python\Python314\site-packages\django\template\base.py", line 979, in render_annotated
    return self.render(context)
           ~~~~~~~~~~~^^^^^^^^^
  File "C:\Users\Kiragu\AppData\Roaming\Python\Python314\site-packages\django\template\loader_tags.py", line 159, in render
    return compiled_parent._render(context)
           ~~~~~~~~~~~~~~~~~~~~~~~^^^^^^^^^
  File "C:\Users\Kiragu\AppData\Roaming\Python\Python314\site-packages\django\template\base.py", line 164, in _render
    return self.nodelist.render(context)
           ~~~~~~~~~~~~~~~~~~~~^^^^^^^^^
  File "C:\Users\Kiragu\AppData\Roaming\Python\Python314\site-packages\django\template\base.py", line 1018, in render
    return SafeString("".join([node.render_annotated(context) for node in self]))
                               ~~~~~~~~~~~~~~~~~~~~~^^^^^^^^^
  File "C:\Users\Kiragu\AppData\Roaming\Python\Python314\site-packages\django\template\base.py", line 979, in render_annotated
    return self.render(context)
           ~~~~~~~~~~~^^^^^^^^^
  File "C:\Users\Kiragu\AppData\Roaming\Python\Python314\site-packages\django\template\loader_tags.py", line 65, in render
    result = block.nodelist.render(context)
  File "C:\Users\Kiragu\AppData\Roaming\Python\Python314\site-packages\django\template\base.py", line 1018, in render
    return SafeString("".join([node.render_annotated(context) for node in self]))
                               ~~~~~~~~~~~~~~~~~~~~~^^^^^^^^^
  File "C:\Users\Kiragu\AppData\Roaming\Python\Python314\site-packages\django\template\base.py", line 979, in render_annotated
    return self.render(context)
           ~~~~~~~~~~~^^^^^^^^^
  File "C:\Users\Kiragu\AppData\Roaming\Python\Python314\site-packages\django\template\defaulttags.py", line 326, in render
    if match:
       ^^^^^
  File "C:\Users\Kiragu\AppData\Roaming\Python\Python314\site-packages\django\core\paginator.py", line 191, in __len__
    return len(self.object_list)
  File "C:\Users\Kiragu\AppData\Roaming\Python\Python314\site-packages\django\db\models\query.py", line 368, in __len__
    self._fetch_all()
    ~~~~~~~~~~~~~~~^^
  File "C:\Users\Kiragu\AppData\Roaming\Python\Python314\site-packages\django\db\models\query.py", line 1954, in _fetch_all
    self._result_cache = list(self._iterable_class(self))
                         ~~~~^^^^^^^^^^^^^^^^^^^^^^^^^^^^
  File "C:\Users\Kiragu\AppData\Roaming\Python\Python314\site-packages\django\db\models\query.py", line 93, in __iter__
    results = compiler.execute_sql(
        chunked_fetch=self.chunked_fetch, chunk_size=self.chunk_size
    )
  File "C:\Users\Kiragu\AppData\Roaming\Python\Python314\site-packages\django\db\models\sql\compiler.py", line 1623, in execute_sql
    cursor.execute(sql, params)
    ~~~~~~~~~~~~~~^^^^^^^^^^^^^
  File "C:\Users\Kiragu\AppData\Roaming\Python\Python314\site-packages\django\db\backends\utils.py", line 122, in execute
    return super().execute(sql, params)
           ~~~~~~~~~~~~~~~^^^^^^^^^^^^^
  File "C:\Users\Kiragu\AppData\Roaming\Python\Python314\site-packages\django\db\backends\utils.py", line 79, in execute
    return self._execute_with_wrappers(
           ~~~~~~~~~~~~~~~~~~~~~~~~~~~^
        sql, params, many=False, executor=self._execute
        ^^^^^^^^^^^^^^^^^^^^^^^^^^^^^^^^^^^^^^^^^^^^^^^
    )
    ^
  File "C:\Users\Kiragu\AppData\Roaming\Python\Python314\site-packages\django\db\backends\utils.py", line 92, in _execute_with_wrappers
    return executor(sql, params, many, context)
  File "C:\Users\Kiragu\AppData\Roaming\Python\Python314\site-packages\django\db\backends\utils.py", line 100, in _execute
    with self.db.wrap_database_errors:
         ^^^^^^^^^^^^^^^^^^^^^^^^^^^^
  File "C:\Users\Kiragu\AppData\Roaming\Python\Python314\site-packages\django\db\utils.py", line 91, in __exit__
    raise dj_exc_value.with_traceback(traceback) from exc_value
  File "C:\Users\Kiragu\AppData\Roaming\Python\Python314\site-packages\django\db\backends\utils.py", line 105, in _execute
    return self.cursor.execute(sql, params)
           ~~~~~~~~~~~~~~~~~~~^^^^^^^^^^^^^
  File "C:\Users\Kiragu\AppData\Roaming\Python\Python314\site-packages\django\db\backends\sqlite3\base.py", line 360, in execute
    return super().execute(query, params)
           ~~~~~~~~~~~~~~~^^^^^^^^^^^^^^^
django.db.utils.OperationalError: no such column: events_event.description
2026-06-08 11:48:04,779 ERROR django.request Internal Server Error: /events/
Traceback (most recent call last):
  File "C:\Users\Kiragu\AppData\Roaming\Python\Python314\site-packages\django\db\backends\utils.py", line 105, in _execute
    return self.cursor.execute(sql, params)
           ~~~~~~~~~~~~~~~~~~~^^^^^^^^^^^^^
  File "C:\Users\Kiragu\AppData\Roaming\Python\Python314\site-packages\django\db\backends\sqlite3\base.py", line 360, in execute
    return super().execute(query, params)
           ~~~~~~~~~~~~~~~^^^^^^^^^^^^^^^
sqlite3.OperationalError: no such column: events_event.description

The above exception was the direct cause of the following exception:

Traceback (most recent call last):
  File "C:\Users\Kiragu\AppData\Roaming\Python\Python314\site-packages\django\core\handlers\exception.py", line 55, in inner
    response = get_response(request)
  File "C:\Users\Kiragu\AppData\Roaming\Python\Python314\site-packages\django\core\handlers\base.py", line 197, in _get_response
    response = wrapped_callback(request, *callback_args, **callback_kwargs)
  File "E:\EVENTS\events\views.py", line 114, in event_list
    return render(request, "events/event_list.html", {
        "page_obj": page,
    ...<4 lines>...
        "query_string": build_query_string(params),
    })
  File "C:\Users\Kiragu\AppData\Roaming\Python\Python314\site-packages\django\shortcuts.py", line 25, in render
    content = loader.render_to_string(template_name, context, request, using=using)
  File "C:\Users\Kiragu\AppData\Roaming\Python\Python314\site-packages\django\template\loader.py", line 62, in render_to_string
    return template.render(context, request)
           ~~~~~~~~~~~~~~~^^^^^^^^^^^^^^^^^^
  File "C:\Users\Kiragu\AppData\Roaming\Python\Python314\site-packages\django\template\backends\django.py", line 107, in render
    return self.template.render(context)
           ~~~~~~~~~~~~~~~~~~~~^^^^^^^^^
  File "C:\Users\Kiragu\AppData\Roaming\Python\Python314\site-packages\django\template\base.py", line 172, in render
    return self._render(context)
           ~~~~~~~~~~~~^^^^^^^^^
  File "C:\Users\Kiragu\AppData\Roaming\Python\Python314\site-packages\django\template\base.py", line 164, in _render
    return self.nodelist.render(context)
           ~~~~~~~~~~~~~~~~~~~~^^^^^^^^^
  File "C:\Users\Kiragu\AppData\Roaming\Python\Python314\site-packages\django\template\base.py", line 1018, in render
    return SafeString("".join([node.render_annotated(context) for node in self]))
                               ~~~~~~~~~~~~~~~~~~~~~^^^^^^^^^
  File "C:\Users\Kiragu\AppData\Roaming\Python\Python314\site-packages\django\template\base.py", line 979, in render_annotated
    return self.render(context)
           ~~~~~~~~~~~^^^^^^^^^
  File "C:\Users\Kiragu\AppData\Roaming\Python\Python314\site-packages\django\template\loader_tags.py", line 159, in render
    return compiled_parent._render(context)
           ~~~~~~~~~~~~~~~~~~~~~~~^^^^^^^^^
  File "C:\Users\Kiragu\AppData\Roaming\Python\Python314\site-packages\django\template\base.py", line 164, in _render
    return self.nodelist.render(context)
           ~~~~~~~~~~~~~~~~~~~~^^^^^^^^^
  File "C:\Users\Kiragu\AppData\Roaming\Python\Python314\site-packages\django\template\base.py", line 1018, in render
    return SafeString("".join([node.render_annotated(context) for node in self]))
                               ~~~~~~~~~~~~~~~~~~~~~^^^^^^^^^
  File "C:\Users\Kiragu\AppData\Roaming\Python\Python314\site-packages\django\template\base.py", line 979, in render_annotated
    return self.render(context)
           ~~~~~~~~~~~^^^^^^^^^
  File "C:\Users\Kiragu\AppData\Roaming\Python\Python314\site-packages\django\template\loader_tags.py", line 65, in render
    result = block.nodelist.render(context)
  File "C:\Users\Kiragu\AppData\Roaming\Python\Python314\site-packages\django\template\base.py", line 1018, in render
    return SafeString("".join([node.render_annotated(context) for node in self]))
                               ~~~~~~~~~~~~~~~~~~~~~^^^^^^^^^
  File "C:\Users\Kiragu\AppData\Roaming\Python\Python314\site-packages\django\template\base.py", line 979, in render_annotated
    return self.render(context)
           ~~~~~~~~~~~^^^^^^^^^
  File "C:\Users\Kiragu\AppData\Roaming\Python\Python314\site-packages\django\template\defaulttags.py", line 326, in render
    if match:
       ^^^^^
  File "C:\Users\Kiragu\AppData\Roaming\Python\Python314\site-packages\django\core\paginator.py", line 191, in __len__
    return len(self.object_list)
  File "C:\Users\Kiragu\AppData\Roaming\Python\Python314\site-packages\django\db\models\query.py", line 368, in __len__
    self._fetch_all()
    ~~~~~~~~~~~~~~~^^
  File "C:\Users\Kiragu\AppData\Roaming\Python\Python314\site-packages\django\db\models\query.py", line 1954, in _fetch_all
    self._result_cache = list(self._iterable_class(self))
                         ~~~~^^^^^^^^^^^^^^^^^^^^^^^^^^^^
  File "C:\Users\Kiragu\AppData\Roaming\Python\Python314\site-packages\django\db\models\query.py", line 93, in __iter__
    results = compiler.execute_sql(
        chunked_fetch=self.chunked_fetch, chunk_size=self.chunk_size
    )
  File "C:\Users\Kiragu\AppData\Roaming\Python\Python314\site-packages\django\db\models\sql\compiler.py", line 1623, in execute_sql
    cursor.execute(sql, params)
    ~~~~~~~~~~~~~~^^^^^^^^^^^^^
  File "C:\Users\Kiragu\AppData\Roaming\Python\Python314\site-packages\django\db\backends\utils.py", line 122, in execute
    return super().execute(sql, params)
           ~~~~~~~~~~~~~~~^^^^^^^^^^^^^
  File "C:\Users\Kiragu\AppData\Roaming\Python\Python314\site-packages\django\db\backends\utils.py", line 79, in execute
    return self._execute_with_wrappers(
           ~~~~~~~~~~~~~~~~~~~~~~~~~~~^
        sql, params, many=False, executor=self._execute
        ^^^^^^^^^^^^^^^^^^^^^^^^^^^^^^^^^^^^^^^^^^^^^^^
    )
    ^
  File "C:\Users\Kiragu\AppData\Roaming\Python\Python314\site-packages\django\db\backends\utils.py", line 92, in _execute_with_wrappers
    return executor(sql, params, many, context)
  File "C:\Users\Kiragu\AppData\Roaming\Python\Python314\site-packages\django\db\backends\utils.py", line 100, in _execute
    with self.db.wrap_database_errors:
         ^^^^^^^^^^^^^^^^^^^^^^^^^^^^
  File "C:\Users\Kiragu\AppData\Roaming\Python\Python314\site-packages\django\db\utils.py", line 91, in __exit__
    raise dj_exc_value.with_traceback(traceback) from exc_value
  File "C:\Users\Kiragu\AppData\Roaming\Python\Python314\site-packages\django\db\backends\utils.py", line 105, in _execute
    return self.cursor.execute(sql, params)
           ~~~~~~~~~~~~~~~~~~~^^^^^^^^^^^^^
  File "C:\Users\Kiragu\AppData\Roaming\Python\Python314\site-packages\django\db\backends\sqlite3\base.py", line 360, in execute
    return super().execute(query, params)
           ~~~~~~~~~~~~~~~^^^^^^^^^^^^^^^
django.db.utils.OperationalError: no such column: events_event.description
2026-06-08 11:49:03,725 INFO events.services.autoscan Autoscan scheduler started
2026-06-08 11:49:07,491 INFO events.services.autoscan Autoscan scheduler started
2026-06-08 11:49:23,223 INFO events.services.autoscan Autoscan scheduler started
2026-06-08 11:49:24,922 INFO events.services.autoscan Autoscan scheduler started
2026-06-08 11:49:25,007 INFO django.utils.autoreload Watching for file changes with StatReloader
2026-06-08 12:13:29,955 INFO events.services.autoscan Autoscan scheduler started
2026-06-08 12:13:31,689 INFO events.services.autoscan Autoscan scheduler started
2026-06-08 12:13:31,760 INFO django.utils.autoreload Watching for file changes with StatReloader
2026-06-08 12:13:49,460 WARNING django.request Not Found: /e/_next/image
2026-06-08 12:13:49,460 WARNING django.request Not Found: /e/_next/image
2026-06-08 12:13:49,470 WARNING django.request Not Found: /e/_next/image
2026-06-08 12:13:49,486 WARNING django.request Not Found: /e/_next/image
2026-06-08 12:14:12,795 INFO events.services.scanner Scan started: county=nakuru days=30 social=True
2026-06-08 12:15:14,602 INFO events.services.scanner Scan started: county=mombasa days=30 social=True
2026-06-08 12:15:53,766 WARNING django.request Not Found: /e/_next/image
2026-06-08 12:15:53,787 WARNING django.request Not Found: /e/_next/image
2026-06-08 12:15:53,800 WARNING django.request Not Found: /e/_next/image
2026-06-08 12:15:53,815 WARNING django.request Not Found: /e/_next/image
2026-06-08 12:16:17,697 WARNING django.request Not Found: /e/_next/image
2026-06-08 12:16:17,717 WARNING django.request Not Found: /e/_next/image
2026-06-08 12:16:17,726 WARNING django.request Not Found: /e/_next/image
2026-06-08 12:16:17,729 WARNING django.request Not Found: /e/_next/image
2026-06-08 12:16:23,025 WARNING django.request Not Found: /e/_next/image
2026-06-08 12:16:44,432 INFO events.services.scrapers.meetup Meetup: 12 events (JSON-LD)
2026-06-08 12:16:51,453 INFO events.services.scrapers.facebook_events Facebook Events: 0 events
2026-06-08 12:16:51,535 WARNING events.services.scrapers.base fetch_url attempt 1 failed for https://www.egoticketskenya.com/events: HTTPSConnectionPool(host='www.egoticketskenya.com', port=443): Max retries exceeded with url: /events (Caused by NameResolutionError("HTTPSConnection(host='www.egoticketskenya.com', port=443): Failed to resolve 'www.egoticketskenya.com' ([Errno 11001] getaddrinfo failed)"))
2026-06-08 12:16:53,538 WARNING events.services.scrapers.base fetch_url attempt 2 failed for https://www.egoticketskenya.com/events: HTTPSConnectionPool(host='www.egoticketskenya.com', port=443): Max retries exceeded with url: /events (Caused by NameResolutionError("HTTPSConnection(host='www.egoticketskenya.com', port=443): Failed to resolve 'www.egoticketskenya.com' ([Errno 11001] getaddrinfo failed)"))
2026-06-08 12:16:55,542 WARNING events.services.scrapers.base fetch_url attempt 3 failed for https://www.egoticketskenya.com/events: HTTPSConnectionPool(host='www.egoticketskenya.com', port=443): Max retries exceeded with url: /events (Caused by NameResolutionError("HTTPSConnection(host='www.egoticketskenya.com', port=443): Failed to resolve 'www.egoticketskenya.com' ([Errno 11001] getaddrinfo failed)"))
2026-06-08 12:16:57,690 WARNING events.services.scrapers.base fetch_url attempt 1 failed for https://www.littleeventskenya.com/events: HTTPSConnectionPool(host='www.littleeventskenya.com', port=443): Max retries exceeded with url: /events (Caused by NameResolutionError("HTTPSConnection(host='www.littleeventskenya.com', port=443): Failed to resolve 'www.littleeventskenya.com' ([Errno 11001] getaddrinfo failed)"))
2026-06-08 12:16:59,694 WARNING events.services.scrapers.base fetch_url attempt 2 failed for https://www.littleeventskenya.com/events: HTTPSConnectionPool(host='www.littleeventskenya.com', port=443): Max retries exceeded with url: /events (Caused by NameResolutionError("HTTPSConnection(host='www.littleeventskenya.com', port=443): Failed to resolve 'www.littleeventskenya.com' ([Errno 11001] getaddrinfo failed)"))
2026-06-08 12:17:01,700 WARNING events.services.scrapers.base fetch_url attempt 3 failed for https://www.littleeventskenya.com/events: HTTPSConnectionPool(host='www.littleeventskenya.com', port=443): Max retries exceeded with url: /events (Caused by NameResolutionError("HTTPSConnection(host='www.littleeventskenya.com', port=443): Failed to resolve 'www.littleeventskenya.com' ([Errno 11001] getaddrinfo failed)"))
2026-06-08 12:17:58,459 INFO events.services.scrapers.meetup Meetup: 12 events (JSON-LD)
2026-06-08 12:18:04,920 INFO events.services.scrapers.facebook_events Facebook Events: 0 events
2026-06-08 12:18:04,996 WARNING events.services.scrapers.base fetch_url attempt 1 failed for https://www.egoticketskenya.com/events: HTTPSConnectionPool(host='www.egoticketskenya.com', port=443): Max retries exceeded with url: /events (Caused by NameResolutionError("HTTPSConnection(host='www.egoticketskenya.com', port=443): Failed to resolve 'www.egoticketskenya.com' ([Errno 11001] getaddrinfo failed)"))
2026-06-08 12:18:07,000 WARNING events.services.scrapers.base fetch_url attempt 2 failed for https://www.egoticketskenya.com/events: HTTPSConnectionPool(host='www.egoticketskenya.com', port=443): Max retries exceeded with url: /events (Caused by NameResolutionError("HTTPSConnection(host='www.egoticketskenya.com', port=443): Failed to resolve 'www.egoticketskenya.com' ([Errno 11001] getaddrinfo failed)"))
2026-06-08 12:18:09,046 WARNING events.services.scrapers.base fetch_url attempt 3 failed for https://www.egoticketskenya.com/events: HTTPSConnectionPool(host='www.egoticketskenya.com', port=443): Max retries exceeded with url: /events (Caused by NameResolutionError("HTTPSConnection(host='www.egoticketskenya.com', port=443): Failed to resolve 'www.egoticketskenya.com' ([Errno 11001] getaddrinfo failed)"))
2026-06-08 12:18:11,133 WARNING events.services.scrapers.base fetch_url attempt 1 failed for https://www.littleeventskenya.com/events: HTTPSConnectionPool(host='www.littleeventskenya.com', port=443): Max retries exceeded with url: /events (Caused by NameResolutionError("HTTPSConnection(host='www.littleeventskenya.com', port=443): Failed to resolve 'www.littleeventskenya.com' ([Errno 11001] getaddrinfo failed)"))
2026-06-08 12:18:13,137 WARNING events.services.scrapers.base fetch_url attempt 2 failed for https://www.littleeventskenya.com/events: HTTPSConnectionPool(host='www.littleeventskenya.com', port=443): Max retries exceeded with url: /events (Caused by NameResolutionError("HTTPSConnection(host='www.littleeventskenya.com', port=443): Failed to resolve 'www.littleeventskenya.com' ([Errno 11001] getaddrinfo failed)"))
2026-06-08 12:18:15,141 WARNING events.services.scrapers.base fetch_url attempt 3 failed for https://www.littleeventskenya.com/events: HTTPSConnectionPool(host='www.littleeventskenya.com', port=443): Max retries exceeded with url: /events (Caused by NameResolutionError("HTTPSConnection(host='www.littleeventskenya.com', port=443): Failed to resolve 'www.littleeventskenya.com' ([Errno 11001] getaddrinfo failed)"))
2026-06-08 12:21:59,093 INFO events.services.scanner Scan complete: found=82 new=1 recommended=57 changed=0
2026-06-08 12:24:13,746 INFO events.services.scanner Scan complete: found=84 new=3 recommended=57 changed=0
2026-06-08 14:24:07,758 INFO events.services.autoscan Autoscan scheduler started
2026-06-08 14:24:09,498 INFO events.services.autoscan Autoscan scheduler started
2026-06-08 14:24:09,614 INFO django.utils.autoreload Watching for file changes with StatReloader
2026-06-08 14:24:09,847 INFO events.services.autoscan Autoscan starting for Nairobi
2026-06-08 14:24:09,926 INFO events.services.scanner Scan started: county=Nairobi days=30 social=True
2026-06-08 14:24:10,465 INFO events.services.autoscan Autoscan starting for Nairobi
2026-06-08 14:24:10,481 INFO events.services.scanner Scan started: county=Nairobi days=30 social=True
2026-06-08 14:25:02,843 WARNING django.request Not Found: /favicon.ico
2026-06-08 14:25:08,373 WARNING django.request Not Found: /e/_next/image
2026-06-08 14:25:08,391 WARNING django.request Not Found: /e/_next/image
2026-06-08 14:25:08,405 WARNING django.request Not Found: /e/_next/image
2026-06-08 14:25:25,506 WARNING events.services.scrapers.kenyabuzz KenyaBuzz scrape failed: Page.goto: Timeout 45000ms exceeded.
Call log:
  - navigating to "https://www.kenyabuzz.com/events?location=nairobi", waiting until "networkidle"

2026-06-08 14:27:42,862 INFO events.services.scrapers.meetup Meetup: 12 events (JSON-LD)
2026-06-08 14:27:48,087 INFO events.services.scrapers.facebook_events Facebook Events: 0 events
2026-06-08 14:27:48,147 WARNING events.services.scrapers.base fetch_url attempt 1 failed for https://www.egoticketskenya.com/events: HTTPSConnectionPool(host='www.egoticketskenya.com', port=443): Max retries exceeded with url: /events (Caused by NameResolutionError("HTTPSConnection(host='www.egoticketskenya.com', port=443): Failed to resolve 'www.egoticketskenya.com' ([Errno 11001] getaddrinfo failed)"))
2026-06-08 14:27:50,152 WARNING events.services.scrapers.base fetch_url attempt 2 failed for https://www.egoticketskenya.com/events: HTTPSConnectionPool(host='www.egoticketskenya.com', port=443): Max retries exceeded with url: /events (Caused by NameResolutionError("HTTPSConnection(host='www.egoticketskenya.com', port=443): Failed to resolve 'www.egoticketskenya.com' ([Errno 11001] getaddrinfo failed)"))
2026-06-08 14:27:52,157 WARNING events.services.scrapers.base fetch_url attempt 3 failed for https://www.egoticketskenya.com/events: HTTPSConnectionPool(host='www.egoticketskenya.com', port=443): Max retries exceeded with url: /events (Caused by NameResolutionError("HTTPSConnection(host='www.egoticketskenya.com', port=443): Failed to resolve 'www.egoticketskenya.com' ([Errno 11001] getaddrinfo failed)"))
2026-06-08 14:27:54,212 WARNING events.services.scrapers.base fetch_url attempt 1 failed for https://www.littleeventskenya.com/events: HTTPSConnectionPool(host='www.littleeventskenya.com', port=443): Max retries exceeded with url: /events (Caused by NameResolutionError("HTTPSConnection(host='www.littleeventskenya.com', port=443): Failed to resolve 'www.littleeventskenya.com' ([Errno 11001] getaddrinfo failed)"))
2026-06-08 14:27:56,215 WARNING events.services.scrapers.base fetch_url attempt 2 failed for https://www.littleeventskenya.com/events: HTTPSConnectionPool(host='www.littleeventskenya.com', port=443): Max retries exceeded with url: /events (Caused by NameResolutionError("HTTPSConnection(host='www.littleeventskenya.com', port=443): Failed to resolve 'www.littleeventskenya.com' ([Errno 11001] getaddrinfo failed)"))
2026-06-08 14:27:58,218 WARNING events.services.scrapers.base fetch_url attempt 3 failed for https://www.littleeventskenya.com/events: HTTPSConnectionPool(host='www.littleeventskenya.com', port=443): Max retries exceeded with url: /events (Caused by NameResolutionError("HTTPSConnection(host='www.littleeventskenya.com', port=443): Failed to resolve 'www.littleeventskenya.com' ([Errno 11001] getaddrinfo failed)"))
2026-06-08 14:28:44,231 INFO events.services.scrapers.meetup Meetup: 12 events (JSON-LD)
2026-06-08 14:28:49,999 INFO events.services.scrapers.facebook_events Facebook Events: 0 events
2026-06-08 14:28:50,121 WARNING events.services.scrapers.base fetch_url attempt 1 failed for https://www.egoticketskenya.com/events: HTTPSConnectionPool(host='www.egoticketskenya.com', port=443): Max retries exceeded with url: /events (Caused by NameResolutionError("HTTPSConnection(host='www.egoticketskenya.com', port=443): Failed to resolve 'www.egoticketskenya.com' ([Errno 11001] getaddrinfo failed)"))
2026-06-08 14:28:52,125 WARNING events.services.scrapers.base fetch_url attempt 2 failed for https://www.egoticketskenya.com/events: HTTPSConnectionPool(host='www.egoticketskenya.com', port=443): Max retries exceeded with url: /events (Caused by NameResolutionError("HTTPSConnection(host='www.egoticketskenya.com', port=443): Failed to resolve 'www.egoticketskenya.com' ([Errno 11001] getaddrinfo failed)"))
2026-06-08 14:28:54,129 WARNING events.services.scrapers.base fetch_url attempt 3 failed for https://www.egoticketskenya.com/events: HTTPSConnectionPool(host='www.egoticketskenya.com', port=443): Max retries exceeded with url: /events (Caused by NameResolutionError("HTTPSConnection(host='www.egoticketskenya.com', port=443): Failed to resolve 'www.egoticketskenya.com' ([Errno 11001] getaddrinfo failed)"))
2026-06-08 14:28:56,226 WARNING events.services.scrapers.base fetch_url attempt 1 failed for https://www.littleeventskenya.com/events: HTTPSConnectionPool(host='www.littleeventskenya.com', port=443): Max retries exceeded with url: /events (Caused by NameResolutionError("HTTPSConnection(host='www.littleeventskenya.com', port=443): Failed to resolve 'www.littleeventskenya.com' ([Errno 11001] getaddrinfo failed)"))
2026-06-08 14:28:57,607 WARNING events.services.scrapers.social Facebook social scrape failed: Page.goto: Timeout 45000ms exceeded.
Call log:
  - navigating to "https://www.facebook.com/events/search/?q=Nairobi%20events", waiting until "domcontentloaded"

2026-06-08 14:28:58,230 WARNING events.services.scrapers.base fetch_url attempt 2 failed for https://www.littleeventskenya.com/events: HTTPSConnectionPool(host='www.littleeventskenya.com', port=443): Max retries exceeded with url: /events (Caused by NameResolutionError("HTTPSConnection(host='www.littleeventskenya.com', port=443): Failed to resolve 'www.littleeventskenya.com' ([Errno 11001] getaddrinfo failed)"))
2026-06-08 14:29:00,249 WARNING events.services.scrapers.base fetch_url attempt 3 failed for https://www.littleeventskenya.com/events: HTTPSConnectionPool(host='www.littleeventskenya.com', port=443): Max retries exceeded with url: /events (Caused by NameResolutionError("HTTPSConnection(host='www.littleeventskenya.com', port=443): Failed to resolve 'www.littleeventskenya.com' ([Errno 11001] getaddrinfo failed)"))
2026-06-08 14:35:32,634 INFO events.services.scanner Scan complete: found=82 new=2 recommended=57 changed=0
2026-06-08 14:39:47,569 INFO events.services.scanner Scan complete: found=113 new=34 recommended=88 changed=0
2026-06-08 14:48:52,633 INFO events.services.autoscan Autoscan scheduler started
2026-06-08 14:48:53,886 INFO events.services.autoscan Autoscan scheduler started
2026-06-08 14:48:53,951 INFO django.utils.autoreload Watching for file changes with StatReloader
2026-06-08 15:01:52,839 INFO events.services.autoscan Autoscan scheduler started
2026-06-08 15:01:55,282 INFO events.services.autoscan Autoscan scheduler started
2026-06-08 15:01:55,348 INFO django.utils.autoreload Watching for file changes with StatReloader
2026-06-08 15:02:17,832 INFO events.services.autoscan Autoscan scheduler started
2026-06-08 15:32:10,527 INFO django.utils.autoreload E:\EVENTS\events\services\ai_agent.py changed, reloading.
2026-06-08 15:32:13,459 INFO events.services.autoscan Autoscan scheduler started
2026-06-08 15:32:13,551 INFO django.utils.autoreload Watching for file changes with StatReloader
2026-06-08 15:32:17,956 INFO django.utils.autoreload E:\EVENTS\events\services\weather.py changed, reloading.
2026-06-08 15:32:20,081 INFO events.services.autoscan Autoscan scheduler started
2026-06-08 15:32:20,168 INFO django.utils.autoreload Watching for file changes with StatReloader
2026-06-08 15:32:24,053 INFO django.utils.autoreload E:\EVENTS\events\services\dates.py changed, reloading.
2026-06-08 15:32:26,165 INFO events.services.autoscan Autoscan scheduler started
2026-06-08 15:32:26,258 INFO django.utils.autoreload Watching for file changes with StatReloader
2026-06-08 15:32:35,514 INFO django.utils.autoreload E:\EVENTS\events\services\enrichment.py changed, reloading.
2026-06-08 15:32:37,527 INFO events.services.autoscan Autoscan scheduler started
2026-06-08 15:32:37,610 INFO django.utils.autoreload Watching for file changes with StatReloader
2026-06-08 15:32:41,545 INFO django.utils.autoreload E:\EVENTS\events\services\scanner.py changed, reloading.
2026-06-08 15:32:44,038 INFO events.services.autoscan Autoscan scheduler started
2026-06-08 15:32:44,129 INFO django.utils.autoreload Watching for file changes with StatReloader
2026-06-08 15:32:48,653 INFO django.utils.autoreload E:\EVENTS\events\services\scrapers\new_event_sources.py changed, reloading.
2026-06-08 15:32:52,695 INFO events.services.autoscan Autoscan scheduler started
2026-06-08 15:32:52,839 INFO django.utils.autoreload Watching for file changes with StatReloader
2026-06-08 15:32:58,672 INFO django.utils.autoreload E:\EVENTS\config\settings.py changed, reloading.
2026-06-08 15:33:01,468 INFO events.services.autoscan Autoscan scheduler started
2026-06-08 15:33:01,567 INFO django.utils.autoreload Watching for file changes with StatReloader
2026-06-08 15:33:09,678 INFO django.utils.autoreload E:\EVENTS\events\services\scrapers\__init__.py changed, reloading.
2026-06-08 15:33:11,810 INFO events.services.autoscan Autoscan scheduler started
2026-06-08 15:33:11,923 INFO django.utils.autoreload Watching for file changes with StatReloader
2026-06-08 15:33:15,935 INFO django.utils.autoreload E:\EVENTS\events\views.py changed, reloading.
2026-06-08 15:33:17,990 INFO events.services.autoscan Autoscan scheduler started
2026-06-08 15:33:18,063 INFO django.utils.autoreload Watching for file changes with StatReloader
2026-06-08 15:33:26,210 INFO django.utils.autoreload E:\EVENTS\events\views.py changed, reloading.
2026-06-08 15:33:28,058 INFO events.services.autoscan Autoscan scheduler started
2026-06-08 15:33:28,138 INFO django.utils.autoreload Watching for file changes with StatReloader
2026-06-08 15:33:31,782 INFO django.utils.autoreload E:\EVENTS\events\views.py changed, reloading.
2026-06-08 15:33:33,800 INFO events.services.autoscan Autoscan scheduler started
2026-06-08 15:33:33,888 INFO django.utils.autoreload Watching for file changes with StatReloader
2026-06-08 15:33:48,559 INFO django.utils.autoreload E:\EVENTS\events\services\filters.py changed, reloading.
2026-06-08 15:33:50,747 INFO events.services.autoscan Autoscan scheduler started
2026-06-08 15:33:50,845 INFO django.utils.autoreload Watching for file changes with StatReloader
2026-06-08 15:35:36,775 INFO events.services.autoscan Autoscan scheduler started
2026-06-08 15:35:40,557 INFO events.services.autoscan Autoscan scheduler started
2026-06-08 15:36:11,543 INFO django.utils.autoreload E:\EVENTS\events\services\scrapers\base.py changed, reloading.
2026-06-08 15:36:14,386 INFO events.services.autoscan Autoscan scheduler started
2026-06-08 15:36:14,472 INFO django.utils.autoreload Watching for file changes with StatReloader
2026-06-08 15:42:11,769 INFO events.services.autoscan Autoscan scheduler started
2026-06-08 15:42:13,217 INFO events.services.autoscan Autoscan scheduler started
2026-06-08 15:42:13,291 INFO django.utils.autoreload Watching for file changes with StatReloader
2026-06-08 15:44:55,160 INFO events.services.autoscan Autoscan scheduler started
2026-06-08 15:45:28,953 INFO events.services.autoscan Autoscan scheduler started
2026-06-08 15:45:30,281 INFO events.services.autoscan Autoscan scheduler started
2026-06-08 15:45:30,347 INFO django.utils.autoreload Watching for file changes with StatReloader
2026-06-08 15:45:56,484 WARNING django.request Not Found: /e/_next/image
2026-06-08 15:45:56,485 WARNING django.request Not Found: /e/_next/image
2026-06-08 15:45:56,485 WARNING django.request Not Found: /e/_next/image
2026-06-08 15:45:56,485 WARNING django.request Not Found: /e/_next/image
2026-06-08 15:46:26,999 INFO events.services.scanner Scan started: county=Nairobi days=30 social=True
2026-06-08 15:46:44,909 WARNING django.request Not Found: /e/_next/image
2026-06-08 15:46:44,891 WARNING django.request Not Found: /e/_next/image
2026-06-08 15:46:44,928 WARNING django.request Not Found: /e/_next/image
2026-06-08 15:47:17,922 WARNING events.services.scrapers.ticketyetu Ticketyetu scrape failed: Page.goto: Timeout 45000ms exceeded.
Call log:
  - navigating to "https://ticketyetu.com/events", waiting until "networkidle"

2026-06-08 15:47:17,951 INFO events.services.scrapers.error_handling Ticketyetu: Found 0 events
2026-06-08 15:47:31,978 WARNING django.request Not Found: /e/_next/image
2026-06-08 15:47:31,990 WARNING django.request Not Found: /e/_next/image
2026-06-08 15:47:32,001 WARNING django.request Not Found: /e/_next/image
2026-06-08 15:47:32,018 WARNING django.request Not Found: /e/_next/image
2026-06-08 15:47:50,920 INFO events.services.scanner Scan started: county=Nairobi days=30 social=True
2026-06-08 15:48:02,068 WARNING django.request Not Found: /e/_next/image
2026-06-08 15:48:02,089 WARNING django.request Not Found: /e/_next/image
2026-06-08 15:48:02,105 WARNING django.request Not Found: /e/_next/image
2026-06-08 15:48:02,125 WARNING django.request Not Found: /e/_next/image
2026-06-08 15:48:03,131 WARNING events.services.scrapers.kenyabuzz KenyaBuzz scrape failed: Page.goto: Timeout 45000ms exceeded.
Call log:
  - navigating to "https://www.kenyabuzz.com/events?location=nairobi", waiting until "networkidle"

2026-06-08 15:48:03,156 INFO events.services.scrapers.error_handling KenyaBuzz: Found 0 events
2026-06-08 15:48:04,788 WARNING events.services.scrapers.base fetch_url attempt 1 failed for https://www.eventbrite.com/d/kenya--nairobi/events/: 405 Client Error: Not Allowed for url: https://www.eventbrite.com/d/kenya--nairobi/events/
2026-06-08 15:48:09,699 WARNING events.services.scrapers.base fetch_url attempt 2 failed for https://www.eventbrite.com/d/kenya--nairobi/events/: 405 Client Error: Not Allowed for url: https://www.eventbrite.com/d/kenya--nairobi/events/
2026-06-08 15:48:13,299 WARNING events.services.scrapers.base fetch_url attempt 3 failed for https://www.eventbrite.com/d/kenya--nairobi/events/: 405 Client Error: Not Allowed for url: https://www.eventbrite.com/d/kenya--nairobi/events/
2026-06-08 15:48:15,304 INFO events.services.scrapers.error_handling Eventbrite: Found 0 events
2026-06-08 15:48:18,257 WARNING django.request Not Found: /e/_next/image
2026-06-08 15:48:18,264 WARNING django.request Not Found: /e/_next/image
2026-06-08 15:48:18,284 WARNING django.request Not Found: /e/_next/image
2026-06-08 15:48:18,294 WARNING django.request Not Found: /e/_next/image
2026-06-08 15:48:37,288 WARNING events.services.scrapers.ticketyetu Ticketyetu scrape failed: Page.goto: Timeout 45000ms exceeded.
Call log:
  - navigating to "https://ticketyetu.com/events", waiting until "networkidle"

2026-06-08 15:48:37,321 INFO events.services.scrapers.error_handling Ticketyetu: Found 0 events
2026-06-08 15:48:55,041 WARNING django.request Not Found: /e/_next/image
2026-06-08 15:49:22,480 WARNING events.services.scrapers.kenyabuzz KenyaBuzz scrape failed: Page.goto: Timeout 45000ms exceeded.
Call log:
  - navigating to "https://www.kenyabuzz.com/events?location=nairobi", waiting until "networkidle"

2026-06-08 15:49:22,498 INFO events.services.scrapers.error_handling KenyaBuzz: Found 0 events
2026-06-08 15:49:25,533 WARNING events.services.scrapers.base fetch_url attempt 1 failed for https://www.eventbrite.com/d/kenya--nairobi/events/: 405 Client Error: Not Allowed for url: https://www.eventbrite.com/d/kenya--nairobi/events/
2026-06-08 15:49:32,052 WARNING events.services.scrapers.base fetch_url attempt 2 failed for https://www.eventbrite.com/d/kenya--nairobi/events/: 405 Client Error: Not Allowed for url: https://www.eventbrite.com/d/kenya--nairobi/events/
2026-06-08 15:49:36,994 WARNING events.services.scrapers.base fetch_url attempt 3 failed for https://www.eventbrite.com/d/kenya--nairobi/events/: 405 Client Error: Not Allowed for url: https://www.eventbrite.com/d/kenya--nairobi/events/
2026-06-08 15:49:39,000 INFO events.services.scrapers.error_handling Eventbrite: Found 0 events
2026-06-08 15:50:23,594 INFO events.services.scrapers.error_handling InNairobi: Found 0 events
2026-06-08 15:50:33,509 INFO events.services.scrapers.error_handling Nairobi Events Guide: Found 1 events
2026-06-08 15:51:02,584 WARNING events.services.scrapers.base fetch_url attempt 1 failed for https://www.qwani.co.ke/events: HTTPSConnectionPool(host='www.qwani.co.ke', port=443): Read timed out.
2026-06-08 15:51:46,056 INFO events.services.scrapers.error_handling Qwani: Found 0 events
2026-06-08 15:52:06,730 INFO events.services.scanner Scan started: county=Nairobi days=30 social=True
2026-06-08 15:52:07,678 INFO events.services.scrapers.error_handling Standup Collective: Found 42 events
2026-06-08 15:52:08,342 INFO events.services.scrapers.error_handling InNairobi: Found 0 events
2026-06-08 15:52:19,816 INFO events.services.scrapers.error_handling Nairobi Events Guide: Found 1 events
2026-06-08 15:52:31,768 WARNING events.services.scrapers.base fetch_url attempt 1 failed for https://www.unseen-nairobi.com/: HTTPSConnectionPool(host='www.unseen-nairobi.com', port=443): Read timed out.
2026-06-08 15:52:53,368 WARNING events.services.scrapers.ticketyetu Ticketyetu scrape failed: Page.goto: Timeout 45000ms exceeded.
Call log:
  - navigating to "https://ticketyetu.com/events", waiting until "networkidle"

2026-06-08 15:52:53,392 INFO events.services.scrapers.error_handling Ticketyetu: Found 0 events
2026-06-08 15:53:00,761 INFO events.services.scrapers.error_handling Unseen Nairobi: Found 1 events
2026-06-08 15:53:10,944 WARNING events.services.scrapers.base fetch_url attempt 1 failed for https://www.qwani.co.ke/events: HTTPSConnectionPool(host='www.qwani.co.ke', port=443): Read timed out.
2026-06-08 15:53:38,518 WARNING events.services.scrapers.kenyabuzz KenyaBuzz scrape failed: Page.goto: Timeout 45000ms exceeded.
Call log:
  - navigating to "https://www.kenyabuzz.com/events?location=nairobi", waiting until "networkidle"

2026-06-08 15:53:38,536 INFO events.services.scrapers.error_handling KenyaBuzz: Found 0 events
2026-06-08 15:53:38,715 INFO events.services.scrapers.error_handling Gig: Found 0 events
2026-06-08 15:53:44,218 WARNING events.services.scrapers.base fetch_url attempt 1 failed for https://www.eventbrite.com/d/kenya--nairobi/events/: 405 Client Error: Not Allowed for url: https://www.eventbrite.com/d/kenya--nairobi/events/
2026-06-08 15:53:45,706 INFO events.services.scrapers.error_handling Qwani: Found 0 events
2026-06-08 15:53:50,730 WARNING events.services.scrapers.base fetch_url attempt 2 failed for https://www.eventbrite.com/d/kenya--nairobi/events/: 405 Client Error: Not Allowed for url: https://www.eventbrite.com/d/kenya--nairobi/events/
2026-06-08 15:53:55,726 WARNING events.services.scrapers.base fetch_url attempt 3 failed for https://www.eventbrite.com/d/kenya--nairobi/events/: 405 Client Error: Not Allowed for url: https://www.eventbrite.com/d/kenya--nairobi/events/
2026-06-08 15:53:57,731 INFO events.services.scrapers.error_handling Eventbrite: Found 0 events
2026-06-08 15:53:59,462 INFO events.services.scrapers.error_handling Standup Collective: Found 42 events
2026-06-08 15:54:13,441 INFO events.services.scrapers.error_handling Unseen Nairobi: Found 1 events
2026-06-08 15:55:00,392 INFO events.services.scrapers.error_handling Gig: Found 0 events
2026-06-08 15:55:10,212 WARNING events.services.scrapers.base fetch_url attempt 1 failed for https://kicc.co.ke/a-continental-conversation-on-cities-the-2nd-africa-urban-forum/: HTTPSConnectionPool(host='kicc.co.ke', port=443): Read timed out.
2026-06-08 15:55:48,090 WARNING events.services.scrapers.base fetch_url attempt 2 failed for https://kicc.co.ke/a-continental-conversation-on-cities-the-2nd-africa-urban-forum/: HTTPSConnectionPool(host='kicc.co.ke', port=443): Read timed out.
2026-06-08 15:56:24,450 WARNING events.services.scrapers.base fetch_url attempt 3 failed for https://kicc.co.ke/a-continental-conversation-on-cities-the-2nd-africa-urban-forum/: HTTPSConnectionPool(host='kicc.co.ke', port=443): Read timed out.
2026-06-08 15:56:26,460 INFO events.services.scrapers.error_handling KICC: Found 0 events
2026-06-08 15:57:11,942 INFO events.services.scrapers.error_handling KICC: Found 0 events
2026-06-08 15:57:19,034 WARNING django.security.csrf Forbidden (Origin checking failed - https://rockstar-frostlike-sagging.ngrok-free.dev does not match any trusted origins.): /scan/
2026-06-08 15:57:32,026 INFO events.services.scrapers.error_handling InNairobi: Found 0 events
2026-06-08 15:59:03,786 INFO events.services.scrapers.error_handling Nairobi Events Guide: Found 1 events
2026-06-08 15:59:25,131 INFO events.services.scrapers.error_handling Qwani: Found 0 events
2026-06-08 15:59:52,026 WARNING events.services.scrapers.base fetch_url attempt 1 failed for https://ticketsasa.com/events/the-village-market-autoshow-experience-3rd-edition: HTTPSConnectionPool(host='ticketsasa.com', port=443): Read timed out.
2026-06-08 16:00:05,417 INFO events.services.scrapers.error_handling Standup Collective: Found 42 events
2026-06-08 16:00:17,629 INFO events.services.scrapers.error_handling Unseen Nairobi: Found 1 events
2026-06-08 16:00:57,211 WARNING events.services.scrapers.base fetch_url attempt 2 failed for https://ticketsasa.com/events/the-village-market-autoshow-experience-3rd-edition: HTTPSConnectionPool(host='ticketsasa.com', port=443): Read timed out.
2026-06-08 16:01:05,703 INFO events.services.scrapers.error_handling Gig: Found 0 events
2026-06-08 16:02:16,062 INFO events.services.scrapers.error_handling Ticketsasa: Found 5 events
2026-06-08 16:02:42,857 INFO events.services.scrapers.meetup Meetup: 12 events (JSON-LD)
2026-06-08 16:02:42,858 INFO events.services.scrapers.error_handling Meetup: Found 12 events
2026-06-08 16:02:55,163 WARNING events.services.scrapers.base fetch_url attempt 1 failed for https://kicc.co.ke/a-continental-conversation-on-cities-the-2nd-africa-urban-forum/: HTTPSConnectionPool(host='kicc.co.ke', port=443): Read timed out. (read timeout=20)
2026-06-08 16:03:22,260 WARNING events.services.scrapers.base fetch_url attempt 1 failed for https://ticketsasa.com/events/usiu-africa-half-marathon: HTTPSConnectionPool(host='ticketsasa.com', port=443): Read timed out.
2026-06-08 16:03:23,363 INFO events.services.scrapers.facebook_events Facebook Events: 0 events
2026-06-08 16:03:23,364 INFO events.services.scrapers.error_handling Facebook Events: Found 0 events
2026-06-08 16:03:25,481 WARNING events.services.scrapers.base fetch_url attempt 1 failed for https://www.egoticketskenya.com/events: HTTPSConnectionPool(host='www.egoticketskenya.com', port=443): Max retries exceeded with url: /events (Caused by NameResolutionError("HTTPSConnection(host='www.egoticketskenya.com', port=443): Failed to resolve 'www.egoticketskenya.com' ([Errno 11001] getaddrinfo failed)"))
2026-06-08 16:03:27,135 WARNING events.services.scrapers.base fetch_url attempt 2 failed for https://kicc.co.ke/a-continental-conversation-on-cities-the-2nd-africa-urban-forum/: ('Connection aborted.', ConnectionResetError(10054, 'An existing connection was forcibly closed by the remote host', None, 10054, None))
2026-06-08 16:03:27,136 WARNING events.services.scrapers.base fetch_url attempt 2 failed for https://ticketsasa.com/events/usiu-africa-half-marathon: ('Connection aborted.', ConnectionResetError(10054, 'An existing connection was forcibly closed by the remote host', None, 10054, None))
2026-06-08 16:03:29,252 WARNING events.services.scrapers.base fetch_url attempt 2 failed for https://www.egoticketskenya.com/events: HTTPSConnectionPool(host='www.egoticketskenya.com', port=443): Max retries exceeded with url: /events (Caused by NameResolutionError("HTTPSConnection(host='www.egoticketskenya.com', port=443): Failed to resolve 'www.egoticketskenya.com' ([Errno 11001] getaddrinfo failed)"))
2026-06-08 16:03:31,280 WARNING events.services.scrapers.base fetch_url attempt 3 failed for https://www.egoticketskenya.com/events: HTTPSConnectionPool(host='www.egoticketskenya.com', port=443): Max retries exceeded with url: /events (Caused by NameResolutionError("HTTPSConnection(host='www.egoticketskenya.com', port=443): Failed to resolve 'www.egoticketskenya.com' ([Errno 11001] getaddrinfo failed)"))
2026-06-08 16:03:33,396 INFO events.services.scrapers.error_handling eGotickets: Found 0 events
2026-06-08 16:03:33,877 WARNING events.services.scrapers.base fetch_url attempt 1 failed for https://www.littleeventskenya.com/events?location=nairobi: HTTPSConnectionPool(host='www.littleeventskenya.com', port=443): Max retries exceeded with url: /events?location=nairobi (Caused by NameResolutionError("HTTPSConnection(host='www.littleeventskenya.com', port=443): Failed to resolve 'www.littleeventskenya.com' ([Errno 11001] getaddrinfo failed)"))
2026-06-08 16:03:34,565 INFO events.services.scrapers.error_handling KICC: Found 0 events
2026-06-08 16:03:35,923 WARNING events.services.scrapers.base fetch_url attempt 2 failed for https://www.littleeventskenya.com/events?location=nairobi: HTTPSConnectionPool(host='www.littleeventskenya.com', port=443): Max retries exceeded with url: /events?location=nairobi (Caused by NameResolutionError("HTTPSConnection(host='www.littleeventskenya.com', port=443): Failed to resolve 'www.littleeventskenya.com' ([Errno 11001] getaddrinfo failed)"))
2026-06-08 16:03:38,156 WARNING events.services.scrapers.base fetch_url attempt 3 failed for https://www.littleeventskenya.com/events?location=nairobi: HTTPSConnectionPool(host='www.littleeventskenya.com', port=443): Max retries exceeded with url: /events?location=nairobi (Caused by NameResolutionError("HTTPSConnection(host='www.littleeventskenya.com', port=443): Failed to resolve 'www.littleeventskenya.com' ([Errno 11001] getaddrinfo failed)"))
2026-06-08 16:03:40,311 INFO events.services.scrapers.error_handling Little Events: Found 0 events
2026-06-08 16:03:42,537 INFO events.services.scrapers.error_handling Tikiti: Found 0 events
2026-06-08 16:03:54,761 WARNING events.services.scrapers.base fetch_url attempt 3 failed for https://ticketsasa.com/events/usiu-africa-half-marathon: HTTPSConnectionPool(host='ticketsasa.com', port=443): Read timed out.
2026-06-08 16:04:00,183 INFO events.services.scrapers.error_handling Ticketsasa: Found 5 events
2026-06-08 16:04:04,329 INFO events.services.scrapers.meetup Meetup: 12 events (JSON-LD)
2026-06-08 16:04:04,331 INFO events.services.scrapers.error_handling Meetup: Found 12 events
2026-06-08 16:04:11,256 INFO events.services.scrapers.facebook_events Facebook Events: 0 events
2026-06-08 16:04:11,256 INFO events.services.scrapers.error_handling Facebook Events: Found 0 events
2026-06-08 16:04:11,285 WARNING events.services.scrapers.base fetch_url attempt 1 failed for https://www.egoticketskenya.com/events: HTTPSConnectionPool(host='www.egoticketskenya.com', port=443): Max retries exceeded with url: /events (Caused by NameResolutionError("HTTPSConnection(host='www.egoticketskenya.com', port=443): Failed to resolve 'www.egoticketskenya.com' ([Errno 11001] getaddrinfo failed)"))
2026-06-08 16:04:13,297 WARNING events.services.scrapers.base fetch_url attempt 2 failed for https://www.egoticketskenya.com/events: HTTPSConnectionPool(host='www.egoticketskenya.com', port=443): Max retries exceeded with url: /events (Caused by NameResolutionError("HTTPSConnection(host='www.egoticketskenya.com', port=443): Failed to resolve 'www.egoticketskenya.com' ([Errno 11001] getaddrinfo failed)"))
2026-06-08 16:04:15,302 WARNING events.services.scrapers.base fetch_url attempt 3 failed for https://www.egoticketskenya.com/events: HTTPSConnectionPool(host='www.egoticketskenya.com', port=443): Max retries exceeded with url: /events (Caused by NameResolutionError("HTTPSConnection(host='www.egoticketskenya.com', port=443): Failed to resolve 'www.egoticketskenya.com' ([Errno 11001] getaddrinfo failed)"))
2026-06-08 16:04:17,303 INFO events.services.scrapers.error_handling eGotickets: Found 0 events
2026-06-08 16:04:17,313 WARNING events.services.scrapers.base fetch_url attempt 1 failed for https://www.littleeventskenya.com/events?location=nairobi: HTTPSConnectionPool(host='www.littleeventskenya.com', port=443): Max retries exceeded with url: /events?location=nairobi (Caused by NameResolutionError("HTTPSConnection(host='www.littleeventskenya.com', port=443): Failed to resolve 'www.littleeventskenya.com' ([Errno 11001] getaddrinfo failed)"))
2026-06-08 16:04:19,449 INFO events.services.scrapers.error_handling Ticketsasa: Found 5 events
2026-06-08 16:04:19,451 WARNING events.services.scrapers.base fetch_url attempt 2 failed for https://www.littleeventskenya.com/events?location=nairobi: HTTPSConnectionPool(host='www.littleeventskenya.com', port=443): Max retries exceeded with url: /events?location=nairobi (Caused by NameResolutionError("HTTPSConnection(host='www.littleeventskenya.com', port=443): Failed to resolve 'www.littleeventskenya.com' ([Errno 11001] getaddrinfo failed)"))
2026-06-08 16:04:21,850 INFO events.services.scrapers.meetup Meetup: 12 events (JSON-LD)
2026-06-08 16:04:21,851 INFO events.services.scrapers.error_handling Meetup: Found 12 events
2026-06-08 16:04:22,522 WARNING events.services.scrapers.base fetch_url attempt 3 failed for https://www.littleeventskenya.com/events?location=nairobi: HTTPSConnectionPool(host='www.littleeventskenya.com', port=443): Max retries exceeded with url: /events?location=nairobi (Caused by NameResolutionError("HTTPSConnection(host='www.littleeventskenya.com', port=443): Failed to resolve 'www.littleeventskenya.com' ([Errno 11001] getaddrinfo failed)"))
2026-06-08 16:04:24,528 INFO events.services.scrapers.error_handling Little Events: Found 0 events
2026-06-08 16:04:26,202 INFO events.services.scrapers.error_handling Tikiti: Found 0 events
2026-06-08 16:04:27,263 INFO events.services.scrapers.facebook_events Facebook Events: 0 events
2026-06-08 16:04:27,268 INFO events.services.scrapers.error_handling Facebook Events: Found 0 events
2026-06-08 16:04:27,298 WARNING events.services.scrapers.base fetch_url attempt 1 failed for https://www.egoticketskenya.com/events: HTTPSConnectionPool(host='www.egoticketskenya.com', port=443): Max retries exceeded with url: /events (Caused by NameResolutionError("HTTPSConnection(host='www.egoticketskenya.com', port=443): Failed to resolve 'www.egoticketskenya.com' ([Errno 11001] getaddrinfo failed)"))
2026-06-08 16:04:29,308 WARNING events.services.scrapers.base fetch_url attempt 2 failed for https://www.egoticketskenya.com/events: HTTPSConnectionPool(host='www.egoticketskenya.com', port=443): Max retries exceeded with url: /events (Caused by NameResolutionError("HTTPSConnection(host='www.egoticketskenya.com', port=443): Failed to resolve 'www.egoticketskenya.com' ([Errno 11001] getaddrinfo failed)"))
2026-06-08 16:04:31,312 WARNING events.services.scrapers.base fetch_url attempt 3 failed for https://www.egoticketskenya.com/events: HTTPSConnectionPool(host='www.egoticketskenya.com', port=443): Max retries exceeded with url: /events (Caused by NameResolutionError("HTTPSConnection(host='www.egoticketskenya.com', port=443): Failed to resolve 'www.egoticketskenya.com' ([Errno 11001] getaddrinfo failed)"))
2026-06-08 16:04:33,326 INFO events.services.scrapers.error_handling eGotickets: Found 0 events
2026-06-08 16:04:33,529 WARNING events.services.scrapers.base fetch_url attempt 1 failed for https://www.littleeventskenya.com/events?location=nairobi: HTTPSConnectionPool(host='www.littleeventskenya.com', port=443): Max retries exceeded with url: /events?location=nairobi (Caused by NameResolutionError("HTTPSConnection(host='www.littleeventskenya.com', port=443): Failed to resolve 'www.littleeventskenya.com' ([Errno 11001] getaddrinfo failed)"))
2026-06-08 16:04:35,774 WARNING events.services.scrapers.base fetch_url attempt 2 failed for https://www.littleeventskenya.com/events?location=nairobi: HTTPSConnectionPool(host='www.littleeventskenya.com', port=443): Max retries exceeded with url: /events?location=nairobi (Caused by NameResolutionError("HTTPSConnection(host='www.littleeventskenya.com', port=443): Failed to resolve 'www.littleeventskenya.com' ([Errno 11001] getaddrinfo failed)"))
2026-06-08 16:04:37,780 WARNING events.services.scrapers.base fetch_url attempt 3 failed for https://www.littleeventskenya.com/events?location=nairobi: HTTPSConnectionPool(host='www.littleeventskenya.com', port=443): Max retries exceeded with url: /events?location=nairobi (Caused by NameResolutionError("HTTPSConnection(host='www.littleeventskenya.com', port=443): Failed to resolve 'www.littleeventskenya.com' ([Errno 11001] getaddrinfo failed)"))
2026-06-08 16:04:39,781 INFO events.services.scrapers.error_handling Little Events: Found 0 events
2026-06-08 16:04:40,547 INFO events.services.scrapers.error_handling Instagram Hashtags: Found 0 events
2026-06-08 16:04:41,157 INFO events.services.scrapers.error_handling Tikiti: Found 0 events
2026-06-08 16:05:25,837 INFO events.services.scrapers.error_handling Instagram Hashtags: Found 0 events
2026-06-08 16:05:52,220 INFO events.services.scrapers.error_handling Instagram Hashtags: Found 0 events
2026-06-08 16:07:53,158 WARNING events.services.scrapers.base fetch_url attempt 1 failed for https://standupcollective.co.ke/shows: HTTPSConnectionPool(host='standupcollective.co.ke', port=443): Max retries exceeded with url: /shows (Caused by ConnectTimeoutError(<HTTPSConnection(host='standupcollective.co.ke', port=443) at 0x192b9b98cd0>, 'Connection to standupcollective.co.ke timed out. (connect timeout=20)'))
2026-06-08 16:07:53,174 WARNING events.services.scrapers.base fetch_url attempt 1 failed for https://standupcollective.co.ke/shows: HTTPSConnectionPool(host='standupcollective.co.ke', port=443): Read timed out. (read timeout=20)
2026-06-08 16:08:15,176 WARNING events.services.scrapers.base fetch_url attempt 2 failed for https://standupcollective.co.ke/shows: HTTPSConnectionPool(host='standupcollective.co.ke', port=443): Max retries exceeded with url: /shows (Caused by ConnectTimeoutError(<HTTPSConnection(host='standupcollective.co.ke', port=443) at 0x192b6bce850>, 'Connection to standupcollective.co.ke timed out. (connect timeout=20)'))
2026-06-08 16:09:16,352 WARNING events.services.scrapers.base fetch_url attempt 1 failed for https://standupcollective.co.ke/shows: HTTPSConnectionPool(host='standupcollective.co.ke', port=443): Read timed out. (read timeout=20)
2026-06-08 16:09:38,364 WARNING events.services.scrapers.base fetch_url attempt 2 failed for https://standupcollective.co.ke/shows: HTTPSConnectionPool(host='standupcollective.co.ke', port=443): Max retries exceeded with url: /shows (Caused by ConnectTimeoutError(<HTTPSConnection(host='standupcollective.co.ke', port=443) at 0x192b9b98a50>, 'Connection to standupcollective.co.ke timed out. (connect timeout=20)'))
2026-06-08 16:09:38,459 WARNING events.services.scrapers.base fetch_url attempt 1 failed for https://standupcollective.co.ke/shows: HTTPSConnectionPool(host='standupcollective.co.ke', port=443): Max retries exceeded with url: /shows (Caused by ConnectTimeoutError(<HTTPSConnection(host='standupcollective.co.ke', port=443) at 0x192b9b98cd0>, 'Connection to standupcollective.co.ke timed out. (connect timeout=20)'))
2026-06-08 16:10:34,640 WARNING events.services.scrapers.base fetch_url attempt 1 failed for https://standupcollective.co.ke/shows: HTTPSConnectionPool(host='standupcollective.co.ke', port=443): Max retries exceeded with url: /shows (Caused by ConnectTimeoutError(<HTTPSConnection(host='standupcollective.co.ke', port=443) at 0x192b9b99450>, 'Connection to standupcollective.co.ke timed out. (connect timeout=20)'))
2026-06-08 16:11:06,820 WARNING django.request Not Found: /e/_next/image
2026-06-08 16:11:06,832 WARNING django.request Not Found: /e/_next/image
2026-06-08 16:11:06,849 WARNING django.request Not Found: /e/_next/image
2026-06-08 16:11:36,563 WARNING events.services.scrapers.base fetch_url attempt 1 failed for https://standupcollective.co.ke/shows: HTTPSConnectionPool(host='standupcollective.co.ke', port=443): Read timed out. (read timeout=20)
2026-06-08 16:12:39,109 WARNING events.services.scrapers.base fetch_url attempt 1 failed for https://standupcollective.co.ke/shows: HTTPSConnectionPool(host='standupcollective.co.ke', port=443): Max retries exceeded with url: /shows (Caused by ConnectTimeoutError(<HTTPSConnection(host='standupcollective.co.ke', port=443) at 0x192b5b92710>, 'Connection to standupcollective.co.ke timed out. (connect timeout=20)'))
2026-06-08 16:12:39,342 WARNING events.services.scrapers.base fetch_url attempt 1 failed for https://standupcollective.co.ke/shows: HTTPSConnectionPool(host='standupcollective.co.ke', port=443): Read timed out. (read timeout=20)
2026-06-08 16:17:07,813 INFO events.services.scanner Scan complete: found=61 new=5 recommended=46 changed=9
2026-06-08 16:17:43,723 INFO events.services.scanner Scan complete: found=61 new=5 recommended=46 changed=3
2026-06-08 16:18:01,216 INFO events.services.scanner Scan complete: found=61 new=7 recommended=46 changed=11
2026-06-09 07:51:02,568 INFO events.services.autoscan Autoscan starting for Nairobi
2026-06-09 07:51:02,636 INFO events.services.scanner Scan started: county=Nairobi days=30 social=True
2026-06-09 07:51:03,050 INFO events.services.autoscan Autoscan starting for Nairobi
2026-06-09 07:51:03,059 INFO events.services.scanner Scan started: county=Nairobi days=30 social=True
2026-06-09 07:51:06,911 WARNING events.services.scrapers.ticketyetu Ticketyetu scrape failed: Page.goto: net::ERR_INTERNET_DISCONNECTED at https://ticketyetu.com/events
Call log:
  - navigating to "https://ticketyetu.com/events", waiting until "networkidle"

2026-06-09 07:51:06,914 WARNING events.services.scrapers.ticketyetu Ticketyetu scrape failed: Page.goto: net::ERR_INTERNET_DISCONNECTED at https://ticketyetu.com/events
Call log:
  - navigating to "https://ticketyetu.com/events", waiting until "networkidle"

2026-06-09 07:51:06,952 INFO events.services.scrapers.error_handling Ticketyetu: Found 0 events
2026-06-09 07:51:06,952 INFO events.services.scrapers.error_handling Ticketyetu: Found 0 events
2026-06-09 07:51:07,123 WARNING events.services.scrapers.kenyabuzz KenyaBuzz scrape failed: Page.goto: net::ERR_INTERNET_DISCONNECTED at https://www.kenyabuzz.com/events?location=nairobi
Call log:
  - navigating to "https://www.kenyabuzz.com/events?location=nairobi", waiting until "networkidle"

2026-06-09 07:51:07,132 WARNING events.services.scrapers.kenyabuzz KenyaBuzz scrape failed: Page.goto: net::ERR_INTERNET_DISCONNECTED at https://www.kenyabuzz.com/events?location=nairobi
Call log:
  - navigating to "https://www.kenyabuzz.com/events?location=nairobi", waiting until "networkidle"

2026-06-09 07:51:07,154 INFO events.services.scrapers.error_handling KenyaBuzz: Found 0 events
2026-06-09 07:51:07,154 INFO events.services.scrapers.error_handling KenyaBuzz: Found 0 events
2026-06-09 07:51:07,175 WARNING events.services.scrapers.base fetch_url attempt 1 failed for https://www.eventbrite.com/d/kenya--nairobi/events/: HTTPSConnectionPool(host='www.eventbrite.com', port=443): Max retries exceeded with url: /d/kenya--nairobi/events/ (Caused by NameResolutionError("HTTPSConnection(host='www.eventbrite.com', port=443): Failed to resolve 'www.eventbrite.com' ([Errno 11001] getaddrinfo failed)"))
2026-06-09 07:51:07,211 WARNING events.services.scrapers.base fetch_url attempt 1 failed for https://www.eventbrite.com/d/kenya--nairobi/events/: HTTPSConnectionPool(host='www.eventbrite.com', port=443): Max retries exceeded with url: /d/kenya--nairobi/events/ (Caused by NameResolutionError("HTTPSConnection(host='www.eventbrite.com', port=443): Failed to resolve 'www.eventbrite.com' ([Errno 11001] getaddrinfo failed)"))
2026-06-09 07:51:09,181 WARNING events.services.scrapers.base fetch_url attempt 2 failed for https://www.eventbrite.com/d/kenya--nairobi/events/: HTTPSConnectionPool(host='www.eventbrite.com', port=443): Max retries exceeded with url: /d/kenya--nairobi/events/ (Caused by NameResolutionError("HTTPSConnection(host='www.eventbrite.com', port=443): Failed to resolve 'www.eventbrite.com' ([Errno 11001] getaddrinfo failed)"))
2026-06-09 07:51:09,217 WARNING events.services.scrapers.base fetch_url attempt 2 failed for https://www.eventbrite.com/d/kenya--nairobi/events/: HTTPSConnectionPool(host='www.eventbrite.com', port=443): Max retries exceeded with url: /d/kenya--nairobi/events/ (Caused by NameResolutionError("HTTPSConnection(host='www.eventbrite.com', port=443): Failed to resolve 'www.eventbrite.com' ([Errno 11001] getaddrinfo failed)"))
2026-06-09 07:51:11,187 WARNING events.services.scrapers.base fetch_url attempt 3 failed for https://www.eventbrite.com/d/kenya--nairobi/events/: HTTPSConnectionPool(host='www.eventbrite.com', port=443): Max retries exceeded with url: /d/kenya--nairobi/events/ (Caused by NameResolutionError("HTTPSConnection(host='www.eventbrite.com', port=443): Failed to resolve 'www.eventbrite.com' ([Errno 11001] getaddrinfo failed)"))
2026-06-09 07:51:11,223 WARNING events.services.scrapers.base fetch_url attempt 3 failed for https://www.eventbrite.com/d/kenya--nairobi/events/: HTTPSConnectionPool(host='www.eventbrite.com', port=443): Max retries exceeded with url: /d/kenya--nairobi/events/ (Caused by NameResolutionError("HTTPSConnection(host='www.eventbrite.com', port=443): Failed to resolve 'www.eventbrite.com' ([Errno 11001] getaddrinfo failed)"))
2026-06-09 07:51:13,276 INFO events.services.scrapers.error_handling Eventbrite: Found 0 events
2026-06-09 07:51:13,321 INFO events.services.scrapers.error_handling Eventbrite: Found 0 events
2026-06-09 07:51:13,733 WARNING events.services.scrapers.base fetch_url attempt 1 failed for https://innairobi.com/: HTTPSConnectionPool(host='innairobi.com', port=443): Max retries exceeded with url: / (Caused by NameResolutionError("HTTPSConnection(host='innairobi.com', port=443): Failed to resolve 'innairobi.com' ([Errno 11001] getaddrinfo failed)"))
2026-06-09 07:51:13,755 WARNING events.services.scrapers.base fetch_url attempt 1 failed for https://innairobi.com/: HTTPSConnectionPool(host='innairobi.com', port=443): Max retries exceeded with url: / (Caused by NameResolutionError("HTTPSConnection(host='innairobi.com', port=443): Failed to resolve 'innairobi.com' ([Errno 11001] getaddrinfo failed)"))
2026-06-09 07:51:15,754 WARNING events.services.scrapers.base fetch_url attempt 2 failed for https://innairobi.com/: HTTPSConnectionPool(host='innairobi.com', port=443): Max retries exceeded with url: / (Caused by NameResolutionError("HTTPSConnection(host='innairobi.com', port=443): Failed to resolve 'innairobi.com' ([Errno 11001] getaddrinfo failed)"))
2026-06-09 07:51:15,773 WARNING events.services.scrapers.base fetch_url attempt 2 failed for https://innairobi.com/: HTTPSConnectionPool(host='innairobi.com', port=443): Max retries exceeded with url: / (Caused by NameResolutionError("HTTPSConnection(host='innairobi.com', port=443): Failed to resolve 'innairobi.com' ([Errno 11001] getaddrinfo failed)"))
2026-06-09 07:51:17,764 WARNING events.services.scrapers.base fetch_url attempt 3 failed for https://innairobi.com/: HTTPSConnectionPool(host='innairobi.com', port=443): Max retries exceeded with url: / (Caused by NameResolutionError("HTTPSConnection(host='innairobi.com', port=443): Failed to resolve 'innairobi.com' ([Errno 11001] getaddrinfo failed)"))
2026-06-09 07:51:17,788 WARNING events.services.scrapers.base fetch_url attempt 3 failed for https://innairobi.com/: HTTPSConnectionPool(host='innairobi.com', port=443): Max retries exceeded with url: / (Caused by NameResolutionError("HTTPSConnection(host='innairobi.com', port=443): Failed to resolve 'innairobi.com' ([Errno 11001] getaddrinfo failed)"))
2026-06-09 07:51:19,766 INFO events.services.scrapers.error_handling InNairobi: Found 0 events
2026-06-09 07:51:19,770 WARNING events.services.scrapers.base fetch_url attempt 1 failed for https://nairobieventsguide.com/: HTTPSConnectionPool(host='nairobieventsguide.com', port=443): Max retries exceeded with url: / (Caused by NameResolutionError("HTTPSConnection(host='nairobieventsguide.com', port=443): Failed to resolve 'nairobieventsguide.com' ([Errno 11001] getaddrinfo failed)"))
2026-06-09 07:51:19,790 INFO events.services.scrapers.error_handling InNairobi: Found 0 events
2026-06-09 07:51:19,795 WARNING events.services.scrapers.base fetch_url attempt 1 failed for https://nairobieventsguide.com/: HTTPSConnectionPool(host='nairobieventsguide.com', port=443): Max retries exceeded with url: / (Caused by NameResolutionError("HTTPSConnection(host='nairobieventsguide.com', port=443): Failed to resolve 'nairobieventsguide.com' ([Errno 11001] getaddrinfo failed)"))
2026-06-09 07:51:46,065 INFO events.services.scrapers.error_handling Nairobi Events Guide: Found 1 events
2026-06-09 07:51:49,861 INFO events.services.scrapers.error_handling Qwani: Found 0 events
2026-06-09 07:51:51,448 INFO events.services.scrapers.error_handling Nairobi Events Guide: Found 1 events
2026-06-09 07:51:53,944 INFO events.services.scrapers.error_handling Qwani: Found 0 events
2026-06-09 07:51:55,386 INFO events.services.scrapers.error_handling Standup Collective: Found 45 events
2026-06-09 07:51:57,602 INFO events.services.scrapers.error_handling Unseen Nairobi: Found 1 events
2026-06-09 07:51:58,965 INFO events.services.scrapers.error_handling Standup Collective: Found 45 events
2026-06-09 07:52:00,929 INFO events.services.scrapers.error_handling Unseen Nairobi: Found 1 events
2026-06-09 07:52:03,496 INFO events.services.scrapers.error_handling Gig: Found 0 events
2026-06-09 07:52:06,344 INFO events.services.scrapers.error_handling Gig: Found 0 events
2026-06-09 07:52:24,354 INFO events.services.scrapers.error_handling KICC: Found 0 events
2026-06-09 07:53:01,198 INFO events.services.scrapers.error_handling Ticketsasa: Found 5 events
2026-06-09 07:53:05,239 INFO events.services.scrapers.meetup Meetup: 12 events (JSON-LD)
2026-06-09 07:53:05,240 INFO events.services.scrapers.error_handling Meetup: Found 12 events
2026-06-09 07:53:07,162 INFO events.services.scrapers.error_handling KICC: Found 0 events
2026-06-09 07:53:10,526 INFO events.services.scrapers.facebook_events Facebook Events: 0 events
2026-06-09 07:53:10,529 INFO events.services.scrapers.error_handling Facebook Events: Found 0 events
2026-06-09 07:53:10,615 WARNING events.services.scrapers.base fetch_url attempt 1 failed for https://www.egoticketskenya.com/events: HTTPSConnectionPool(host='www.egoticketskenya.com', port=443): Max retries exceeded with url: /events (Caused by NameResolutionError("HTTPSConnection(host='www.egoticketskenya.com', port=443): Failed to resolve 'www.egoticketskenya.com' ([Errno 11001] getaddrinfo failed)"))
2026-06-09 07:53:12,620 WARNING events.services.scrapers.base fetch_url attempt 2 failed for https://www.egoticketskenya.com/events: HTTPSConnectionPool(host='www.egoticketskenya.com', port=443): Max retries exceeded with url: /events (Caused by NameResolutionError("HTTPSConnection(host='www.egoticketskenya.com', port=443): Failed to resolve 'www.egoticketskenya.com' ([Errno 11001] getaddrinfo failed)"))
2026-06-09 07:53:14,625 WARNING events.services.scrapers.base fetch_url attempt 3 failed for https://www.egoticketskenya.com/events: HTTPSConnectionPool(host='www.egoticketskenya.com', port=443): Max retries exceeded with url: /events (Caused by NameResolutionError("HTTPSConnection(host='www.egoticketskenya.com', port=443): Failed to resolve 'www.egoticketskenya.com' ([Errno 11001] getaddrinfo failed)"))
2026-06-09 07:53:16,627 INFO events.services.scrapers.error_handling eGotickets: Found 0 events
2026-06-09 07:53:16,704 WARNING events.services.scrapers.base fetch_url attempt 1 failed for https://www.littleeventskenya.com/events?location=nairobi: HTTPSConnectionPool(host='www.littleeventskenya.com', port=443): Max retries exceeded with url: /events?location=nairobi (Caused by NameResolutionError("HTTPSConnection(host='www.littleeventskenya.com', port=443): Failed to resolve 'www.littleeventskenya.com' ([Errno 11001] getaddrinfo failed)"))
2026-06-09 07:53:18,712 WARNING events.services.scrapers.base fetch_url attempt 2 failed for https://www.littleeventskenya.com/events?location=nairobi: HTTPSConnectionPool(host='www.littleeventskenya.com', port=443): Max retries exceeded with url: /events?location=nairobi (Caused by NameResolutionError("HTTPSConnection(host='www.littleeventskenya.com', port=443): Failed to resolve 'www.littleeventskenya.com' ([Errno 11001] getaddrinfo failed)"))
2026-06-09 07:53:20,718 WARNING events.services.scrapers.base fetch_url attempt 3 failed for https://www.littleeventskenya.com/events?location=nairobi: HTTPSConnectionPool(host='www.littleeventskenya.com', port=443): Max retries exceeded with url: /events?location=nairobi (Caused by NameResolutionError("HTTPSConnection(host='www.littleeventskenya.com', port=443): Failed to resolve 'www.littleeventskenya.com' ([Errno 11001] getaddrinfo failed)"))
2026-06-09 07:53:22,719 INFO events.services.scrapers.error_handling Little Events: Found 0 events
2026-06-09 07:53:23,857 INFO events.services.scrapers.error_handling Tikiti: Found 0 events
2026-06-09 07:53:42,327 INFO events.services.scrapers.error_handling Ticketsasa: Found 5 events
2026-06-09 07:53:44,422 INFO events.services.scrapers.meetup Meetup: 12 events (JSON-LD)
2026-06-09 07:53:44,423 INFO events.services.scrapers.error_handling Meetup: Found 12 events
2026-06-09 07:53:50,706 INFO events.services.scrapers.facebook_events Facebook Events: 0 events
2026-06-09 07:53:50,707 INFO events.services.scrapers.error_handling Facebook Events: Found 0 events
2026-06-09 07:53:50,783 WARNING events.services.scrapers.base fetch_url attempt 1 failed for https://www.egoticketskenya.com/events: HTTPSConnectionPool(host='www.egoticketskenya.com', port=443): Max retries exceeded with url: /events (Caused by NameResolutionError("HTTPSConnection(host='www.egoticketskenya.com', port=443): Failed to resolve 'www.egoticketskenya.com' ([Errno 11001] getaddrinfo failed)"))
2026-06-09 07:53:52,790 WARNING events.services.scrapers.base fetch_url attempt 2 failed for https://www.egoticketskenya.com/events: HTTPSConnectionPool(host='www.egoticketskenya.com', port=443): Max retries exceeded with url: /events (Caused by NameResolutionError("HTTPSConnection(host='www.egoticketskenya.com', port=443): Failed to resolve 'www.egoticketskenya.com' ([Errno 11001] getaddrinfo failed)"))
2026-06-09 07:53:54,798 WARNING events.services.scrapers.base fetch_url attempt 3 failed for https://www.egoticketskenya.com/events: HTTPSConnectionPool(host='www.egoticketskenya.com', port=443): Max retries exceeded with url: /events (Caused by NameResolutionError("HTTPSConnection(host='www.egoticketskenya.com', port=443): Failed to resolve 'www.egoticketskenya.com' ([Errno 11001] getaddrinfo failed)"))
2026-06-09 07:53:56,799 INFO events.services.scrapers.error_handling eGotickets: Found 0 events
2026-06-09 07:53:57,044 WARNING events.services.scrapers.base fetch_url attempt 1 failed for https://www.littleeventskenya.com/events?location=nairobi: HTTPSConnectionPool(host='www.littleeventskenya.com', port=443): Max retries exceeded with url: /events?location=nairobi (Caused by NameResolutionError("HTTPSConnection(host='www.littleeventskenya.com', port=443): Failed to resolve 'www.littleeventskenya.com' ([Errno 11001] getaddrinfo failed)"))
2026-06-09 07:53:59,057 WARNING events.services.scrapers.base fetch_url attempt 2 failed for https://www.littleeventskenya.com/events?location=nairobi: HTTPSConnectionPool(host='www.littleeventskenya.com', port=443): Max retries exceeded with url: /events?location=nairobi (Caused by NameResolutionError("HTTPSConnection(host='www.littleeventskenya.com', port=443): Failed to resolve 'www.littleeventskenya.com' ([Errno 11001] getaddrinfo failed)"))
2026-06-09 07:54:01,062 WARNING events.services.scrapers.base fetch_url attempt 3 failed for https://www.littleeventskenya.com/events?location=nairobi: HTTPSConnectionPool(host='www.littleeventskenya.com', port=443): Max retries exceeded with url: /events?location=nairobi (Caused by NameResolutionError("HTTPSConnection(host='www.littleeventskenya.com', port=443): Failed to resolve 'www.littleeventskenya.com' ([Errno 11001] getaddrinfo failed)"))
2026-06-09 07:54:03,064 INFO events.services.scrapers.error_handling Little Events: Found 0 events
2026-06-09 07:54:04,707 INFO events.services.scrapers.error_handling Tikiti: Found 0 events
2026-06-09 07:54:06,834 INFO events.services.scrapers.error_handling Instagram Hashtags: Found 0 events
2026-06-09 07:54:19,705 INFO events.services.autoscan Autoscan starting for Nairobi
2026-06-09 07:54:19,726 INFO events.services.scanner Scan started: county=Nairobi days=30 social=True
2026-06-09 07:54:20,174 INFO events.services.autoscan Autoscan starting for Nairobi
2026-06-09 07:54:20,186 INFO events.services.scanner Scan started: county=Nairobi days=30 social=True
2026-06-09 07:54:40,181 INFO events.services.scrapers.error_handling Ticketyetu: Found 5 events
2026-06-09 07:54:58,093 INFO events.services.scrapers.error_handling Instagram Hashtags: Found 0 events
2026-06-09 07:54:58,273 INFO events.services.scrapers.error_handling Ticketyetu: Found 5 events
2026-06-09 07:55:07,680 INFO events.services.scrapers.error_handling KenyaBuzz: Found 0 events
2026-06-09 07:55:09,826 WARNING events.services.scrapers.base fetch_url attempt 1 failed for https://www.eventbrite.com/d/kenya--nairobi/events/: 405 Client Error: Not Allowed for url: https://www.eventbrite.com/d/kenya--nairobi/events/
2026-06-09 07:55:13,686 WARNING events.services.scrapers.base fetch_url attempt 2 failed for https://www.eventbrite.com/d/kenya--nairobi/events/: 405 Client Error: Not Allowed for url: https://www.eventbrite.com/d/kenya--nairobi/events/
2026-06-09 07:55:17,545 WARNING events.services.scrapers.base fetch_url attempt 3 failed for https://www.eventbrite.com/d/kenya--nairobi/events/: 405 Client Error: Not Allowed for url: https://www.eventbrite.com/d/kenya--nairobi/events/
2026-06-09 07:55:19,554 INFO events.services.scrapers.error_handling Eventbrite: Found 0 events
2026-06-09 07:55:20,214 INFO events.services.scrapers.error_handling KenyaBuzz: Found 0 events
2026-06-09 07:55:22,235 WARNING events.services.scrapers.base fetch_url attempt 1 failed for https://www.eventbrite.com/d/kenya--nairobi/events/: 405 Client Error: Not Allowed for url: https://www.eventbrite.com/d/kenya--nairobi/events/
2026-06-09 07:55:26,007 WARNING events.services.scrapers.base fetch_url attempt 2 failed for https://www.eventbrite.com/d/kenya--nairobi/events/: 405 Client Error: Not Allowed for url: https://www.eventbrite.com/d/kenya--nairobi/events/
2026-06-09 07:55:29,821 WARNING events.services.scrapers.base fetch_url attempt 3 failed for https://www.eventbrite.com/d/kenya--nairobi/events/: 405 Client Error: Not Allowed for url: https://www.eventbrite.com/d/kenya--nairobi/events/
2026-06-09 07:55:31,826 INFO events.services.scrapers.error_handling Eventbrite: Found 0 events
2026-06-09 07:55:53,388 WARNING events.services.scrapers.base fetch_url attempt 1 failed for https://innairobi.com/: HTTPSConnectionPool(host='innairobi.com', port=443): Read timed out. (read timeout=20)
2026-06-09 07:55:54,357 WARNING events.services.scrapers.base fetch_url attempt 1 failed for https://innairobi.com/afri-love-festival/: HTTPSConnectionPool(host='innairobi.com', port=443): Read timed out.
2026-06-09 07:57:04,391 INFO events.services.scrapers.error_handling InNairobi: Found 0 events
2026-06-09 07:57:08,341 INFO events.services.scrapers.error_handling Nairobi Events Guide: Found 1 events
2026-06-09 07:57:09,723 INFO events.services.scrapers.error_handling InNairobi: Found 0 events
2026-06-09 07:57:12,274 INFO events.services.scrapers.error_handling Qwani: Found 0 events
2026-06-09 07:57:12,315 INFO events.services.scrapers.error_handling Nairobi Events Guide: Found 1 events
2026-06-09 07:57:15,621 INFO events.services.scrapers.error_handling Qwani: Found 0 events
2026-06-09 07:57:18,938 INFO events.services.scrapers.error_handling Standup Collective: Found 45 events
2026-06-09 07:57:21,837 INFO events.services.scrapers.error_handling Unseen Nairobi: Found 1 events
2026-06-09 07:57:24,354 INFO events.services.scrapers.error_handling Standup Collective: Found 45 events
2026-06-09 07:57:27,753 INFO events.services.scrapers.error_handling Unseen Nairobi: Found 1 events
2026-06-09 07:57:31,267 INFO events.services.scrapers.error_handling Gig: Found 0 events
2026-06-09 07:57:35,550 INFO events.services.scrapers.error_handling Gig: Found 0 events
2026-06-09 07:58:03,278 INFO events.services.scrapers.error_handling KICC: Found 0 events
2026-06-09 07:58:07,459 INFO events.services.scrapers.error_handling KICC: Found 0 events
2026-06-09 07:58:40,234 INFO events.services.scrapers.error_handling Ticketsasa: Found 5 events
2026-06-09 07:58:44,323 INFO events.services.scrapers.error_handling Ticketsasa: Found 5 events
2026-06-09 07:58:44,434 INFO events.services.scrapers.meetup Meetup: 12 events (JSON-LD)
2026-06-09 07:58:44,436 INFO events.services.scrapers.error_handling Meetup: Found 12 events
2026-06-09 07:58:46,384 INFO events.services.scrapers.meetup Meetup: 12 events (JSON-LD)
2026-06-09 07:58:46,385 INFO events.services.scrapers.error_handling Meetup: Found 12 events
2026-06-09 07:58:51,922 INFO events.services.scrapers.facebook_events Facebook Events: 0 events
2026-06-09 07:58:51,923 INFO events.services.scrapers.error_handling Facebook Events: Found 0 events
2026-06-09 07:58:52,172 WARNING events.services.scrapers.base fetch_url attempt 1 failed for https://www.egoticketskenya.com/events: HTTPSConnectionPool(host='www.egoticketskenya.com', port=443): Max retries exceeded with url: /events (Caused by NameResolutionError("HTTPSConnection(host='www.egoticketskenya.com', port=443): Failed to resolve 'www.egoticketskenya.com' ([Errno 11001] getaddrinfo failed)"))
2026-06-09 07:58:53,428 INFO events.services.scrapers.facebook_events Facebook Events: 0 events
2026-06-09 07:58:53,429 INFO events.services.scrapers.error_handling Facebook Events: Found 0 events
2026-06-09 07:58:53,435 WARNING events.services.scrapers.base fetch_url attempt 1 failed for https://www.egoticketskenya.com/events: HTTPSConnectionPool(host='www.egoticketskenya.com', port=443): Max retries exceeded with url: /events (Caused by NameResolutionError("HTTPSConnection(host='www.egoticketskenya.com', port=443): Failed to resolve 'www.egoticketskenya.com' ([Errno 11001] getaddrinfo failed)"))
2026-06-09 07:58:54,177 WARNING events.services.scrapers.base fetch_url attempt 2 failed for https://www.egoticketskenya.com/events: HTTPSConnectionPool(host='www.egoticketskenya.com', port=443): Max retries exceeded with url: /events (Caused by NameResolutionError("HTTPSConnection(host='www.egoticketskenya.com', port=443): Failed to resolve 'www.egoticketskenya.com' ([Errno 11001] getaddrinfo failed)"))
2026-06-09 07:58:55,444 WARNING events.services.scrapers.base fetch_url attempt 2 failed for https://www.egoticketskenya.com/events: HTTPSConnectionPool(host='www.egoticketskenya.com', port=443): Max retries exceeded with url: /events (Caused by NameResolutionError("HTTPSConnection(host='www.egoticketskenya.com', port=443): Failed to resolve 'www.egoticketskenya.com' ([Errno 11001] getaddrinfo failed)"))
2026-06-09 07:58:56,182 WARNING events.services.scrapers.base fetch_url attempt 3 failed for https://www.egoticketskenya.com/events: HTTPSConnectionPool(host='www.egoticketskenya.com', port=443): Max retries exceeded with url: /events (Caused by NameResolutionError("HTTPSConnection(host='www.egoticketskenya.com', port=443): Failed to resolve 'www.egoticketskenya.com' ([Errno 11001] getaddrinfo failed)"))
2026-06-09 07:58:57,618 WARNING events.services.scrapers.base fetch_url attempt 3 failed for https://www.egoticketskenya.com/events: HTTPSConnectionPool(host='www.egoticketskenya.com', port=443): Max retries exceeded with url: /events (Caused by NameResolutionError("HTTPSConnection(host='www.egoticketskenya.com', port=443): Failed to resolve 'www.egoticketskenya.com' ([Errno 11001] getaddrinfo failed)"))
2026-06-09 07:58:58,183 INFO events.services.scrapers.error_handling eGotickets: Found 0 events
2026-06-09 07:58:58,428 WARNING events.services.scrapers.base fetch_url attempt 1 failed for https://www.littleeventskenya.com/events?location=nairobi: HTTPSConnectionPool(host='www.littleeventskenya.com', port=443): Max retries exceeded with url: /events?location=nairobi (Caused by NameResolutionError("HTTPSConnection(host='www.littleeventskenya.com', port=443): Failed to resolve 'www.littleeventskenya.com' ([Errno 11001] getaddrinfo failed)"))
2026-06-09 07:58:59,623 INFO events.services.scrapers.error_handling eGotickets: Found 0 events
2026-06-09 07:58:59,627 WARNING events.services.scrapers.base fetch_url attempt 1 failed for https://www.littleeventskenya.com/events?location=nairobi: HTTPSConnectionPool(host='www.littleeventskenya.com', port=443): Max retries exceeded with url: /events?location=nairobi (Caused by NameResolutionError("HTTPSConnection(host='www.littleeventskenya.com', port=443): Failed to resolve 'www.littleeventskenya.com' ([Errno 11001] getaddrinfo failed)"))
2026-06-09 07:59:00,433 WARNING events.services.scrapers.base fetch_url attempt 2 failed for https://www.littleeventskenya.com/events?location=nairobi: HTTPSConnectionPool(host='www.littleeventskenya.com', port=443): Max retries exceeded with url: /events?location=nairobi (Caused by NameResolutionError("HTTPSConnection(host='www.littleeventskenya.com', port=443): Failed to resolve 'www.littleeventskenya.com' ([Errno 11001] getaddrinfo failed)"))
2026-06-09 07:59:01,632 WARNING events.services.scrapers.base fetch_url attempt 2 failed for https://www.littleeventskenya.com/events?location=nairobi: HTTPSConnectionPool(host='www.littleeventskenya.com', port=443): Max retries exceeded with url: /events?location=nairobi (Caused by NameResolutionError("HTTPSConnection(host='www.littleeventskenya.com', port=443): Failed to resolve 'www.littleeventskenya.com' ([Errno 11001] getaddrinfo failed)"))
2026-06-09 07:59:02,438 WARNING events.services.scrapers.base fetch_url attempt 3 failed for https://www.littleeventskenya.com/events?location=nairobi: HTTPSConnectionPool(host='www.littleeventskenya.com', port=443): Max retries exceeded with url: /events?location=nairobi (Caused by NameResolutionError("HTTPSConnection(host='www.littleeventskenya.com', port=443): Failed to resolve 'www.littleeventskenya.com' ([Errno 11001] getaddrinfo failed)"))
2026-06-09 07:59:03,813 WARNING events.services.scrapers.base fetch_url attempt 3 failed for https://www.littleeventskenya.com/events?location=nairobi: HTTPSConnectionPool(host='www.littleeventskenya.com', port=443): Max retries exceeded with url: /events?location=nairobi (Caused by NameResolutionError("HTTPSConnection(host='www.littleeventskenya.com', port=443): Failed to resolve 'www.littleeventskenya.com' ([Errno 11001] getaddrinfo failed)"))
2026-06-09 07:59:04,440 INFO events.services.scrapers.error_handling Little Events: Found 0 events
2026-06-09 07:59:05,815 INFO events.services.scrapers.error_handling Little Events: Found 0 events
2026-06-09 07:59:06,457 INFO events.services.scrapers.error_handling Tikiti: Found 0 events
2026-06-09 07:59:07,541 INFO events.services.scrapers.error_handling Tikiti: Found 0 events
2026-06-09 07:59:51,920 INFO events.services.scrapers.error_handling Instagram Hashtags: Found 0 events
2026-06-09 07:59:52,716 INFO events.services.scrapers.error_handling Instagram Hashtags: Found 0 events
2026-06-09 08:02:51,437 INFO events.services.scanner Scan complete: found=64 new=8 recommended=40 changed=0
2026-06-09 08:03:23,323 INFO events.services.scanner Scan complete: found=64 new=5 recommended=40 changed=0
2026-06-09 08:10:09,967 INFO events.services.scanner Scan complete: found=69 new=5 recommended=40 changed=0
2026-06-09 08:10:23,664 INFO events.services.scanner Scan complete: found=69 new=5 recommended=40 changed=0
2026-06-09 09:30:04,200 WARNING django.request Not Found: /e/_next/image
2026-06-09 10:01:17,007 WARNING django.request Not Found: /favicon.ico
2026-06-09 10:04:29,959 WARNING django.request Not Found: /favicon.ico
2026-06-09 10:04:49,400 WARNING django.security.csrf Forbidden (Origin checking failed - https://rockstar-frostlike-sagging.ngrok-free.dev does not match any trusted origins.): /scan/
2026-06-09 10:05:25,993 WARNING django.security.csrf Forbidden (Origin checking failed - https://rockstar-frostlike-sagging.ngrok-free.dev does not match any trusted origins.): /scan/
2026-06-09 10:05:36,743 WARNING django.security.csrf Forbidden (Origin checking failed - https://rockstar-frostlike-sagging.ngrok-free.dev does not match any trusted origins.): /scan/
2026-06-09 10:06:01,837 WARNING django.security.csrf Forbidden (Origin checking failed - https://rockstar-frostlike-sagging.ngrok-free.dev does not match any trusted origins.): /scan/
2026-06-09 10:06:39,839 WARNING django.security.csrf Forbidden (Origin checking failed - https://rockstar-frostlike-sagging.ngrok-free.dev does not match any trusted origins.): /scan/
2026-06-09 10:06:46,874 WARNING django.security.csrf Forbidden (Origin checking failed - https://rockstar-frostlike-sagging.ngrok-free.dev does not match any trusted origins.): /scan/
2026-06-09 10:07:13,854 WARNING django.request Not Found: /e/_next/image
2026-06-09 10:08:40,397 WARNING django.request Not Found: /e/_next/image
2026-06-09 10:08:40,418 WARNING django.request Not Found: /e/_next/image
2026-06-09 10:08:40,571 WARNING django.request Not Found: /e/_next/image
2026-06-09 10:32:54,013 WARNING django.request Not Found: /e/_next/image
2026-06-09 10:48:29,007 WARNING django.security.csrf Forbidden (Origin checking failed - https://rockstar-frostlike-sagging.ngrok-free.dev does not match any trusted origins.): /scan/
2026-06-09 10:52:24,996 WARNING django.security.csrf Forbidden (Origin checking failed - https://rockstar-frostlike-sagging.ngrok-free.dev does not match any trusted origins.): /scan/
2026-06-09 10:53:42,534 WARNING django.security.csrf Forbidden (Origin checking failed - https://rockstar-frostlike-sagging.ngrok-free.dev does not match any trusted origins.): /scan/
2026-06-09 11:53:44,883 INFO events.services.autoscan Autoscan scheduler started
2026-06-09 11:53:49,452 INFO events.services.autoscan Autoscan scheduler started
2026-06-09 11:53:53,660 INFO events.services.autoscan Autoscan scheduler started
2026-06-09 11:55:50,238 INFO events.services.autoscan Autoscan scheduler started
2026-06-09 11:55:52,041 INFO events.services.autoscan Autoscan scheduler started
2026-06-09 11:55:52,147 INFO django.utils.autoreload Watching for file changes with StatReloader
2026-06-09 11:56:04,932 INFO events.services.autoscan Autoscan scheduler started
2026-06-09 11:58:17,313 INFO events.services.autoscan Autoscan scheduler started
2026-06-09 11:59:03,842 INFO events.services.autoscan Autoscan scheduler started
2026-06-09 11:59:05,921 INFO events.services.autoscan Autoscan scheduler started
2026-06-09 11:59:06,033 INFO django.utils.autoreload Watching for file changes with StatReloader
2026-06-09 12:06:58,757 INFO events.services.autoscan Autoscan scheduler started
2026-06-09 12:07:00,487 INFO events.services.scanner Scan started: county=Nairobi days=30 social=True
2026-06-09 12:07:56,158 WARNING events.services.scrapers.ticketyetu Ticketyetu scrape failed: Page.goto: Timeout 45000ms exceeded.
Call log:
  - navigating to "https://ticketyetu.com/events", waiting until "networkidle"

2026-06-09 12:07:56,324 INFO events.services.scrapers.error_handling Ticketyetu: Found 0 events
2026-06-09 12:07:56,640 INFO events.services.autoscan Autoscan scheduler started
2026-06-09 12:08:11,872 INFO events.services.scrapers.error_handling KenyaBuzz: Found 0 events
2026-06-09 12:08:14,823 INFO events.services.scrapers.error_handling Eventbrite: Found 20 events
2026-06-09 12:09:18,768 WARNING events.services.scrapers.base fetch_url attempt 1 failed for https://innairobi.com/nahom-teklehaimanot/: HTTPSConnectionPool(host='innairobi.com', port=443): Read timed out. (read timeout=20)
2026-06-09 12:09:40,639 INFO events.services.autoscan Autoscan scheduler started
2026-06-09 12:09:55,263 INFO events.services.scrapers.error_handling InNairobi: Found 0 events
2026-06-09 12:09:58,141 INFO events.services.scrapers.error_handling Nairobi Events Guide: Found 1 events
2026-06-09 12:10:01,795 INFO events.services.scrapers.error_handling Qwani: Found 0 events
2026-06-09 12:10:07,738 INFO events.services.scrapers.error_handling Standup Collective: Found 45 events
2026-06-09 12:10:09,577 INFO events.services.scrapers.error_handling Unseen Nairobi: Found 1 events
2026-06-09 12:10:15,524 INFO events.services.scrapers.error_handling Gig: Found 0 events
2026-06-09 12:10:29,219 INFO events.services.scrapers.error_handling KICC: Found 0 events
2026-06-09 12:11:03,409 INFO events.services.scrapers.error_handling Ticketsasa: Found 5 events
2026-06-09 12:11:26,481 INFO events.services.scrapers.meetup Meetup: 12 events (JSON-LD)
2026-06-09 12:11:26,482 INFO events.services.scrapers.error_handling Meetup: Found 12 events
2026-06-09 12:11:32,397 INFO events.services.scrapers.facebook_events Facebook Events: 0 events
2026-06-09 12:11:32,398 INFO events.services.scrapers.error_handling Facebook Events: Found 0 events
2026-06-09 12:11:32,464 WARNING events.services.scrapers.base fetch_url attempt 1 failed for https://www.egoticketskenya.com/events: HTTPSConnectionPool(host='www.egoticketskenya.com', port=443): Max retries exceeded with url: /events (Caused by NameResolutionError("HTTPSConnection(host='www.egoticketskenya.com', port=443): Failed to resolve 'www.egoticketskenya.com' ([Errno 11001] getaddrinfo failed)"))
2026-06-09 12:11:34,471 WARNING events.services.scrapers.base fetch_url attempt 2 failed for https://www.egoticketskenya.com/events: HTTPSConnectionPool(host='www.egoticketskenya.com', port=443): Max retries exceeded with url: /events (Caused by NameResolutionError("HTTPSConnection(host='www.egoticketskenya.com', port=443): Failed to resolve 'www.egoticketskenya.com' ([Errno 11001] getaddrinfo failed)"))
2026-06-09 12:11:36,478 WARNING events.services.scrapers.base fetch_url attempt 3 failed for https://www.egoticketskenya.com/events: HTTPSConnectionPool(host='www.egoticketskenya.com', port=443): Max retries exceeded with url: /events (Caused by NameResolutionError("HTTPSConnection(host='www.egoticketskenya.com', port=443): Failed to resolve 'www.egoticketskenya.com' ([Errno 11001] getaddrinfo failed)"))
2026-06-09 12:11:38,481 INFO events.services.scrapers.error_handling eGotickets: Found 0 events
2026-06-09 12:11:38,547 WARNING events.services.scrapers.base fetch_url attempt 1 failed for https://www.littleeventskenya.com/events?location=nairobi: HTTPSConnectionPool(host='www.littleeventskenya.com', port=443): Max retries exceeded with url: /events?location=nairobi (Caused by NameResolutionError("HTTPSConnection(host='www.littleeventskenya.com', port=443): Failed to resolve 'www.littleeventskenya.com' ([Errno 11001] getaddrinfo failed)"))
2026-06-09 12:11:40,551 WARNING events.services.scrapers.base fetch_url attempt 2 failed for https://www.littleeventskenya.com/events?location=nairobi: HTTPSConnectionPool(host='www.littleeventskenya.com', port=443): Max retries exceeded with url: /events?location=nairobi (Caused by NameResolutionError("HTTPSConnection(host='www.littleeventskenya.com', port=443): Failed to resolve 'www.littleeventskenya.com' ([Errno 11001] getaddrinfo failed)"))
2026-06-09 12:11:42,557 WARNING events.services.scrapers.base fetch_url attempt 3 failed for https://www.littleeventskenya.com/events?location=nairobi: HTTPSConnectionPool(host='www.littleeventskenya.com', port=443): Max retries exceeded with url: /events?location=nairobi (Caused by NameResolutionError("HTTPSConnection(host='www.littleeventskenya.com', port=443): Failed to resolve 'www.littleeventskenya.com' ([Errno 11001] getaddrinfo failed)"))
2026-06-09 12:11:44,558 INFO events.services.scrapers.error_handling Little Events: Found 0 events
2026-06-09 12:11:45,619 INFO events.services.scrapers.error_handling Tikiti: Found 0 events
2026-06-09 12:17:04,013 INFO events.services.autoscan Autoscan scheduler started
2026-06-09 12:17:05,246 INFO events.services.autoscan Autoscan scheduler started
2026-06-09 12:17:05,299 INFO django.utils.autoreload Watching for file changes with StatReloader
2026-06-09 12:20:08,748 INFO events.services.autoscan Autoscan scheduler started
2026-06-09 12:20:11,504 INFO events.services.autoscan Autoscan scheduler started
2026-06-09 12:20:14,248 INFO events.services.autoscan Autoscan scheduler started
2026-06-09 12:20:17,171 INFO events.services.autoscan Autoscan scheduler started
2026-06-09 12:20:20,011 INFO events.services.autoscan Autoscan scheduler started
2026-06-09 12:20:44,303 INFO events.services.autoscan Autoscan scheduler started
2026-06-09 12:20:46,667 INFO events.services.autoscan Autoscan scheduler started
2026-06-09 12:20:46,729 INFO django.utils.autoreload Watching for file changes with StatReloader
2026-06-09 12:23:58,246 INFO events.services.autoscan Autoscan scheduler started
2026-06-09 12:23:59,492 INFO events.services.autoscan Autoscan scheduler started
2026-06-09 12:23:59,571 INFO django.utils.autoreload Watching for file changes with StatReloader
2026-06-09 12:24:59,124 INFO events.services.autoscan Autoscan scheduler started
2026-06-09 12:25:00,824 INFO events.services.autoscan Autoscan scheduler started
2026-06-09 12:25:00,928 INFO django.utils.autoreload Watching for file changes with StatReloader
2026-06-09 12:29:40,464 INFO events.services.autoscan Autoscan scheduler started
2026-06-09 12:29:43,221 INFO events.services.autoscan Autoscan scheduler started
2026-06-09 12:29:43,325 INFO django.utils.autoreload Watching for file changes with StatReloader
2026-06-09 12:30:21,298 ERROR django.request Internal Server Error: /
Traceback (most recent call last):
  File "C:\Users\Kiragu\AppData\Roaming\Python\Python314\site-packages\django\core\handlers\exception.py", line 55, in inner
    response = get_response(request)
  File "C:\Users\Kiragu\AppData\Roaming\Python\Python314\site-packages\django\core\handlers\base.py", line 197, in _get_response
    response = wrapped_callback(request, *callback_args, **callback_kwargs)
  File "E:\EVENTS\events\views.py", line 87, in dashboard
    return render(request, "events/dashboard.html", {
        "recommended": recommended,
    ...<5 lines>...
        "social_recent": social_recent,
    })
  File "C:\Users\Kiragu\AppData\Roaming\Python\Python314\site-packages\django\shortcuts.py", line 25, in render
    content = loader.render_to_string(template_name, context, request, using=using)
  File "C:\Users\Kiragu\AppData\Roaming\Python\Python314\site-packages\django\template\loader.py", line 62, in render_to_string
    return template.render(context, request)
           ~~~~~~~~~~~~~~~^^^^^^^^^^^^^^^^^^
  File "C:\Users\Kiragu\AppData\Roaming\Python\Python314\site-packages\django\template\backends\django.py", line 107, in render
    return self.template.render(context)
           ~~~~~~~~~~~~~~~~~~~~^^^^^^^^^
  File "C:\Users\Kiragu\AppData\Roaming\Python\Python314\site-packages\django\template\base.py", line 172, in render
    return self._render(context)
           ~~~~~~~~~~~~^^^^^^^^^
  File "C:\Users\Kiragu\AppData\Roaming\Python\Python314\site-packages\django\template\base.py", line 164, in _render
    return self.nodelist.render(context)
           ~~~~~~~~~~~~~~~~~~~~^^^^^^^^^
  File "C:\Users\Kiragu\AppData\Roaming\Python\Python314\site-packages\django\template\base.py", line 1018, in render
    return SafeString("".join([node.render_annotated(context) for node in self]))
                               ~~~~~~~~~~~~~~~~~~~~~^^^^^^^^^
  File "C:\Users\Kiragu\AppData\Roaming\Python\Python314\site-packages\django\template\base.py", line 979, in render_annotated
    return self.render(context)
           ~~~~~~~~~~~^^^^^^^^^
  File "C:\Users\Kiragu\AppData\Roaming\Python\Python314\site-packages\django\template\loader_tags.py", line 159, in render
    return compiled_parent._render(context)
           ~~~~~~~~~~~~~~~~~~~~~~~^^^^^^^^^
  File "C:\Users\Kiragu\AppData\Roaming\Python\Python314\site-packages\django\template\base.py", line 164, in _render
    return self.nodelist.render(context)
           ~~~~~~~~~~~~~~~~~~~~^^^^^^^^^
  File "C:\Users\Kiragu\AppData\Roaming\Python\Python314\site-packages\django\template\base.py", line 1018, in render
    return SafeString("".join([node.render_annotated(context) for node in self]))
                               ~~~~~~~~~~~~~~~~~~~~~^^^^^^^^^
  File "C:\Users\Kiragu\AppData\Roaming\Python\Python314\site-packages\django\template\base.py", line 979, in render_annotated
    return self.render(context)
           ~~~~~~~~~~~^^^^^^^^^
  File "C:\Users\Kiragu\AppData\Roaming\Python\Python314\site-packages\django\template\loader_tags.py", line 65, in render
    result = block.nodelist.render(context)
  File "C:\Users\Kiragu\AppData\Roaming\Python\Python314\site-packages\django\template\base.py", line 1018, in render
    return SafeString("".join([node.render_annotated(context) for node in self]))
                               ~~~~~~~~~~~~~~~~~~~~~^^^^^^^^^
  File "C:\Users\Kiragu\AppData\Roaming\Python\Python314\site-packages\django\template\base.py", line 979, in render_annotated
    return self.render(context)
           ~~~~~~~~~~~^^^^^^^^^
  File "C:\Users\Kiragu\AppData\Roaming\Python\Python314\site-packages\django\template\defaulttags.py", line 480, in render
    url = reverse(view_name, args=args, kwargs=kwargs, current_app=current_app)
  File "C:\Users\Kiragu\AppData\Roaming\Python\Python314\site-packages\django\urls\base.py", line 98, in reverse
    resolved_url = resolver._reverse_with_prefix(view, prefix, *args, **kwargs)
  File "C:\Users\Kiragu\AppData\Roaming\Python\Python314\site-packages\django\urls\resolvers.py", line 831, in _reverse_with_prefix
    raise NoReverseMatch(msg)
django.urls.exceptions.NoReverseMatch: Reverse for 'ical_subscribe' not found. 'ical_subscribe' is not a valid view function or pattern name.
2026-06-09 12:30:21,746 WARNING django.request Not Found: /favicon.ico
2026-06-09 12:31:21,728 INFO events.services.autoscan Autoscan scheduler started
2026-06-09 12:31:22,826 INFO events.services.autoscan Autoscan scheduler started
2026-06-09 12:31:22,879 INFO django.utils.autoreload Watching for file changes with StatReloader
2026-06-09 12:31:38,375 ERROR django.request Internal Server Error: /events/
Traceback (most recent call last):
  File "C:\Users\Kiragu\AppData\Roaming\Python\Python314\site-packages\django\core\handlers\exception.py", line 55, in inner
    response = get_response(request)
  File "C:\Users\Kiragu\AppData\Roaming\Python\Python314\site-packages\django\core\handlers\base.py", line 197, in _get_response
    response = wrapped_callback(request, *callback_args, **callback_kwargs)
  File "E:\EVENTS\events\views.py", line 125, in event_list
    return render(request, "events/event_list.html", {
        "page_obj": page,
    ...<6 lines>...
        "categories": [c.strip() for c in settings.EVENT_PREFERENCES.split(",") if c.strip()],
    })
  File "C:\Users\Kiragu\AppData\Roaming\Python\Python314\site-packages\django\shortcuts.py", line 25, in render
    content = loader.render_to_string(template_name, context, request, using=using)
  File "C:\Users\Kiragu\AppData\Roaming\Python\Python314\site-packages\django\template\loader.py", line 62, in render_to_string
    return template.render(context, request)
           ~~~~~~~~~~~~~~~^^^^^^^^^^^^^^^^^^
  File "C:\Users\Kiragu\AppData\Roaming\Python\Python314\site-packages\django\template\backends\django.py", line 107, in render
    return self.template.render(context)
           ~~~~~~~~~~~~~~~~~~~~^^^^^^^^^
  File "C:\Users\Kiragu\AppData\Roaming\Python\Python314\site-packages\django\template\base.py", line 172, in render
    return self._render(context)
           ~~~~~~~~~~~~^^^^^^^^^
  File "C:\Users\Kiragu\AppData\Roaming\Python\Python314\site-packages\django\template\base.py", line 164, in _render
    return self.nodelist.render(context)
           ~~~~~~~~~~~~~~~~~~~~^^^^^^^^^
  File "C:\Users\Kiragu\AppData\Roaming\Python\Python314\site-packages\django\template\base.py", line 1018, in render
    return SafeString("".join([node.render_annotated(context) for node in self]))
                               ~~~~~~~~~~~~~~~~~~~~~^^^^^^^^^
  File "C:\Users\Kiragu\AppData\Roaming\Python\Python314\site-packages\django\template\base.py", line 979, in render_annotated
    return self.render(context)
           ~~~~~~~~~~~^^^^^^^^^
  File "C:\Users\Kiragu\AppData\Roaming\Python\Python314\site-packages\django\template\loader_tags.py", line 159, in render
    return compiled_parent._render(context)
           ~~~~~~~~~~~~~~~~~~~~~~~^^^^^^^^^
  File "C:\Users\Kiragu\AppData\Roaming\Python\Python314\site-packages\django\template\base.py", line 164, in _render
    return self.nodelist.render(context)
           ~~~~~~~~~~~~~~~~~~~~^^^^^^^^^
  File "C:\Users\Kiragu\AppData\Roaming\Python\Python314\site-packages\django\template\base.py", line 1018, in render
    return SafeString("".join([node.render_annotated(context) for node in self]))
                               ~~~~~~~~~~~~~~~~~~~~~^^^^^^^^^
  File "C:\Users\Kiragu\AppData\Roaming\Python\Python314\site-packages\django\template\base.py", line 979, in render_annotated
    return self.render(context)
           ~~~~~~~~~~~^^^^^^^^^
  File "C:\Users\Kiragu\AppData\Roaming\Python\Python314\site-packages\django\template\loader_tags.py", line 65, in render
    result = block.nodelist.render(context)
  File "C:\Users\Kiragu\AppData\Roaming\Python\Python314\site-packages\django\template\base.py", line 1018, in render
    return SafeString("".join([node.render_annotated(context) for node in self]))
                               ~~~~~~~~~~~~~~~~~~~~~^^^^^^^^^
  File "C:\Users\Kiragu\AppData\Roaming\Python\Python314\site-packages\django\template\base.py", line 979, in render_annotated
    return self.render(context)
           ~~~~~~~~~~~^^^^^^^^^
  File "C:\Users\Kiragu\AppData\Roaming\Python\Python314\site-packages\django\template\defaulttags.py", line 480, in render
    url = reverse(view_name, args=args, kwargs=kwargs, current_app=current_app)
  File "C:\Users\Kiragu\AppData\Roaming\Python\Python314\site-packages\django\urls\base.py", line 98, in reverse
    resolved_url = resolver._reverse_with_prefix(view, prefix, *args, **kwargs)
  File "C:\Users\Kiragu\AppData\Roaming\Python\Python314\site-packages\django\urls\resolvers.py", line 831, in _reverse_with_prefix
    raise NoReverseMatch(msg)
django.urls.exceptions.NoReverseMatch: Reverse for 'export_events' not found. 'export_events' is not a valid view function or pattern name.
2026-06-09 12:31:40,366 ERROR django.request Internal Server Error: /events/
Traceback (most recent call last):
  File "C:\Users\Kiragu\AppData\Roaming\Python\Python314\site-packages\django\core\handlers\exception.py", line 55, in inner
    response = get_response(request)
  File "C:\Users\Kiragu\AppData\Roaming\Python\Python314\site-packages\django\core\handlers\base.py", line 197, in _get_response
    response = wrapped_callback(request, *callback_args, **callback_kwargs)
  File "E:\EVENTS\events\views.py", line 125, in event_list
    return render(request, "events/event_list.html", {
        "page_obj": page,
    ...<6 lines>...
        "categories": [c.strip() for c in settings.EVENT_PREFERENCES.split(",") if c.strip()],
    })
  File "C:\Users\Kiragu\AppData\Roaming\Python\Python314\site-packages\django\shortcuts.py", line 25, in render
    content = loader.render_to_string(template_name, context, request, using=using)
  File "C:\Users\Kiragu\AppData\Roaming\Python\Python314\site-packages\django\template\loader.py", line 62, in render_to_string
    return template.render(context, request)
           ~~~~~~~~~~~~~~~^^^^^^^^^^^^^^^^^^
  File "C:\Users\Kiragu\AppData\Roaming\Python\Python314\site-packages\django\template\backends\django.py", line 107, in render
    return self.template.render(context)
           ~~~~~~~~~~~~~~~~~~~~^^^^^^^^^
  File "C:\Users\Kiragu\AppData\Roaming\Python\Python314\site-packages\django\template\base.py", line 172, in render
    return self._render(context)
           ~~~~~~~~~~~~^^^^^^^^^
  File "C:\Users\Kiragu\AppData\Roaming\Python\Python314\site-packages\django\template\base.py", line 164, in _render
    return self.nodelist.render(context)
           ~~~~~~~~~~~~~~~~~~~~^^^^^^^^^
  File "C:\Users\Kiragu\AppData\Roaming\Python\Python314\site-packages\django\template\base.py", line 1018, in render
    return SafeString("".join([node.render_annotated(context) for node in self]))
                               ~~~~~~~~~~~~~~~~~~~~~^^^^^^^^^
  File "C:\Users\Kiragu\AppData\Roaming\Python\Python314\site-packages\django\template\base.py", line 979, in render_annotated
    return self.render(context)
           ~~~~~~~~~~~^^^^^^^^^
  File "C:\Users\Kiragu\AppData\Roaming\Python\Python314\site-packages\django\template\loader_tags.py", line 159, in render
    return compiled_parent._render(context)
           ~~~~~~~~~~~~~~~~~~~~~~~^^^^^^^^^
  File "C:\Users\Kiragu\AppData\Roaming\Python\Python314\site-packages\django\template\base.py", line 164, in _render
    return self.nodelist.render(context)
           ~~~~~~~~~~~~~~~~~~~~^^^^^^^^^
  File "C:\Users\Kiragu\AppData\Roaming\Python\Python314\site-packages\django\template\base.py", line 1018, in render
    return SafeString("".join([node.render_annotated(context) for node in self]))
                               ~~~~~~~~~~~~~~~~~~~~~^^^^^^^^^
  File "C:\Users\Kiragu\AppData\Roaming\Python\Python314\site-packages\django\template\base.py", line 979, in render_annotated
    return self.render(context)
           ~~~~~~~~~~~^^^^^^^^^
  File "C:\Users\Kiragu\AppData\Roaming\Python\Python314\site-packages\django\template\loader_tags.py", line 65, in render
    result = block.nodelist.render(context)
  File "C:\Users\Kiragu\AppData\Roaming\Python\Python314\site-packages\django\template\base.py", line 1018, in render
    return SafeString("".join([node.render_annotated(context) for node in self]))
                               ~~~~~~~~~~~~~~~~~~~~~^^^^^^^^^
  File "C:\Users\Kiragu\AppData\Roaming\Python\Python314\site-packages\django\template\base.py", line 979, in render_annotated
    return self.render(context)
           ~~~~~~~~~~~^^^^^^^^^
  File "C:\Users\Kiragu\AppData\Roaming\Python\Python314\site-packages\django\template\defaulttags.py", line 480, in render
    url = reverse(view_name, args=args, kwargs=kwargs, current_app=current_app)
  File "C:\Users\Kiragu\AppData\Roaming\Python\Python314\site-packages\django\urls\base.py", line 98, in reverse
    resolved_url = resolver._reverse_with_prefix(view, prefix, *args, **kwargs)
  File "C:\Users\Kiragu\AppData\Roaming\Python\Python314\site-packages\django\urls\resolvers.py", line 831, in _reverse_with_prefix
    raise NoReverseMatch(msg)
django.urls.exceptions.NoReverseMatch: Reverse for 'export_events' not found. 'export_events' is not a valid view function or pattern name.
2026-06-09 12:32:02,579 ERROR django.request Internal Server Error: /settings/
Traceback (most recent call last):
  File "C:\Users\Kiragu\AppData\Roaming\Python\Python314\site-packages\django\core\handlers\exception.py", line 55, in inner
    response = get_response(request)
  File "C:\Users\Kiragu\AppData\Roaming\Python\Python314\site-packages\django\core\handlers\base.py", line 197, in _get_response
    response = wrapped_callback(request, *callback_args, **callback_kwargs)
  File "E:\EVENTS\events\views.py", line 355, in settings_view
    return render(
        request,
    ...<5 lines>...
        },
    )
  File "C:\Users\Kiragu\AppData\Roaming\Python\Python314\site-packages\django\shortcuts.py", line 25, in render
    content = loader.render_to_string(template_name, context, request, using=using)
  File "C:\Users\Kiragu\AppData\Roaming\Python\Python314\site-packages\django\template\loader.py", line 62, in render_to_string
    return template.render(context, request)
           ~~~~~~~~~~~~~~~^^^^^^^^^^^^^^^^^^
  File "C:\Users\Kiragu\AppData\Roaming\Python\Python314\site-packages\django\template\backends\django.py", line 107, in render
    return self.template.render(context)
           ~~~~~~~~~~~~~~~~~~~~^^^^^^^^^
  File "C:\Users\Kiragu\AppData\Roaming\Python\Python314\site-packages\django\template\base.py", line 172, in render
    return self._render(context)
           ~~~~~~~~~~~~^^^^^^^^^
  File "C:\Users\Kiragu\AppData\Roaming\Python\Python314\site-packages\django\template\base.py", line 164, in _render
    return self.nodelist.render(context)
           ~~~~~~~~~~~~~~~~~~~~^^^^^^^^^
  File "C:\Users\Kiragu\AppData\Roaming\Python\Python314\site-packages\django\template\base.py", line 1018, in render
    return SafeString("".join([node.render_annotated(context) for node in self]))
                               ~~~~~~~~~~~~~~~~~~~~~^^^^^^^^^
  File "C:\Users\Kiragu\AppData\Roaming\Python\Python314\site-packages\django\template\base.py", line 979, in render_annotated
    return self.render(context)
           ~~~~~~~~~~~^^^^^^^^^
  File "C:\Users\Kiragu\AppData\Roaming\Python\Python314\site-packages\django\template\loader_tags.py", line 159, in render
    return compiled_parent._render(context)
           ~~~~~~~~~~~~~~~~~~~~~~~^^^^^^^^^
  File "C:\Users\Kiragu\AppData\Roaming\Python\Python314\site-packages\django\template\base.py", line 164, in _render
    return self.nodelist.render(context)
           ~~~~~~~~~~~~~~~~~~~~^^^^^^^^^
  File "C:\Users\Kiragu\AppData\Roaming\Python\Python314\site-packages\django\template\base.py", line 1018, in render
    return SafeString("".join([node.render_annotated(context) for node in self]))
                               ~~~~~~~~~~~~~~~~~~~~~^^^^^^^^^
  File "C:\Users\Kiragu\AppData\Roaming\Python\Python314\site-packages\django\template\base.py", line 979, in render_annotated
    return self.render(context)
           ~~~~~~~~~~~^^^^^^^^^
  File "C:\Users\Kiragu\AppData\Roaming\Python\Python314\site-packages\django\template\loader_tags.py", line 65, in render
    result = block.nodelist.render(context)
  File "C:\Users\Kiragu\AppData\Roaming\Python\Python314\site-packages\django\template\base.py", line 1018, in render
    return SafeString("".join([node.render_annotated(context) for node in self]))
                               ~~~~~~~~~~~~~~~~~~~~~^^^^^^^^^
  File "C:\Users\Kiragu\AppData\Roaming\Python\Python314\site-packages\django\template\base.py", line 979, in render_annotated
    return self.render(context)
           ~~~~~~~~~~~^^^^^^^^^
  File "C:\Users\Kiragu\AppData\Roaming\Python\Python314\site-packages\django\template\defaulttags.py", line 480, in render
    url = reverse(view_name, args=args, kwargs=kwargs, current_app=current_app)
  File "C:\Users\Kiragu\AppData\Roaming\Python\Python314\site-packages\django\urls\base.py", line 98, in reverse
    resolved_url = resolver._reverse_with_prefix(view, prefix, *args, **kwargs)
  File "C:\Users\Kiragu\AppData\Roaming\Python\Python314\site-packages\django\urls\resolvers.py", line 831, in _reverse_with_prefix
    raise NoReverseMatch(msg)
django.urls.exceptions.NoReverseMatch: Reverse for 'export_events' not found. 'export_events' is not a valid view function or pattern name.
2026-06-09 12:32:02,652 ERROR django.request Internal Server Error: /events/
Traceback (most recent call last):
  File "C:\Users\Kiragu\AppData\Roaming\Python\Python314\site-packages\django\core\handlers\exception.py", line 55, in inner
    response = get_response(request)
  File "C:\Users\Kiragu\AppData\Roaming\Python\Python314\site-packages\django\core\handlers\base.py", line 197, in _get_response
    response = wrapped_callback(request, *callback_args, **callback_kwargs)
  File "E:\EVENTS\events\views.py", line 125, in event_list
    return render(request, "events/event_list.html", {
        "page_obj": page,
    ...<6 lines>...
        "categories": [c.strip() for c in settings.EVENT_PREFERENCES.split(",") if c.strip()],
    })
  File "C:\Users\Kiragu\AppData\Roaming\Python\Python314\site-packages\django\shortcuts.py", line 25, in render
    content = loader.render_to_string(template_name, context, request, using=using)
  File "C:\Users\Kiragu\AppData\Roaming\Python\Python314\site-packages\django\template\loader.py", line 62, in render_to_string
    return template.render(context, request)
           ~~~~~~~~~~~~~~~^^^^^^^^^^^^^^^^^^
  File "C:\Users\Kiragu\AppData\Roaming\Python\Python314\site-packages\django\template\backends\django.py", line 107, in render
    return self.template.render(context)
           ~~~~~~~~~~~~~~~~~~~~^^^^^^^^^
  File "C:\Users\Kiragu\AppData\Roaming\Python\Python314\site-packages\django\template\base.py", line 172, in render
    return self._render(context)
           ~~~~~~~~~~~~^^^^^^^^^
  File "C:\Users\Kiragu\AppData\Roaming\Python\Python314\site-packages\django\template\base.py", line 164, in _render
    return self.nodelist.render(context)
           ~~~~~~~~~~~~~~~~~~~~^^^^^^^^^
  File "C:\Users\Kiragu\AppData\Roaming\Python\Python314\site-packages\django\template\base.py", line 1018, in render
    return SafeString("".join([node.render_annotated(context) for node in self]))
                               ~~~~~~~~~~~~~~~~~~~~~^^^^^^^^^
  File "C:\Users\Kiragu\AppData\Roaming\Python\Python314\site-packages\django\template\base.py", line 979, in render_annotated
    return self.render(context)
           ~~~~~~~~~~~^^^^^^^^^
  File "C:\Users\Kiragu\AppData\Roaming\Python\Python314\site-packages\django\template\loader_tags.py", line 159, in render
    return compiled_parent._render(context)
           ~~~~~~~~~~~~~~~~~~~~~~~^^^^^^^^^
  File "C:\Users\Kiragu\AppData\Roaming\Python\Python314\site-packages\django\template\base.py", line 164, in _render
    return self.nodelist.render(context)
           ~~~~~~~~~~~~~~~~~~~~^^^^^^^^^
  File "C:\Users\Kiragu\AppData\Roaming\Python\Python314\site-packages\django\template\base.py", line 1018, in render
    return SafeString("".join([node.render_annotated(context) for node in self]))
                               ~~~~~~~~~~~~~~~~~~~~~^^^^^^^^^
  File "C:\Users\Kiragu\AppData\Roaming\Python\Python314\site-packages\django\template\base.py", line 979, in render_annotated
    return self.render(context)
           ~~~~~~~~~~~^^^^^^^^^
  File "C:\Users\Kiragu\AppData\Roaming\Python\Python314\site-packages\django\template\loader_tags.py", line 65, in render
    result = block.nodelist.render(context)
  File "C:\Users\Kiragu\AppData\Roaming\Python\Python314\site-packages\django\template\base.py", line 1018, in render
    return SafeString("".join([node.render_annotated(context) for node in self]))
                               ~~~~~~~~~~~~~~~~~~~~~^^^^^^^^^
  File "C:\Users\Kiragu\AppData\Roaming\Python\Python314\site-packages\django\template\base.py", line 979, in render_annotated
    return self.render(context)
           ~~~~~~~~~~~^^^^^^^^^
  File "C:\Users\Kiragu\AppData\Roaming\Python\Python314\site-packages\django\template\defaulttags.py", line 480, in render
    url = reverse(view_name, args=args, kwargs=kwargs, current_app=current_app)
  File "C:\Users\Kiragu\AppData\Roaming\Python\Python314\site-packages\django\urls\base.py", line 98, in reverse
    resolved_url = resolver._reverse_with_prefix(view, prefix, *args, **kwargs)
  File "C:\Users\Kiragu\AppData\Roaming\Python\Python314\site-packages\django\urls\resolvers.py", line 831, in _reverse_with_prefix
    raise NoReverseMatch(msg)
django.urls.exceptions.NoReverseMatch: Reverse for 'export_events' not found. 'export_events' is not a valid view function or pattern name.
2026-06-09 12:32:05,196 ERROR django.request Internal Server Error: /events/
Traceback (most recent call last):
  File "C:\Users\Kiragu\AppData\Roaming\Python\Python314\site-packages\django\core\handlers\exception.py", line 55, in inner
    response = get_response(request)
  File "C:\Users\Kiragu\AppData\Roaming\Python\Python314\site-packages\django\core\handlers\base.py", line 197, in _get_response
    response = wrapped_callback(request, *callback_args, **callback_kwargs)
  File "E:\EVENTS\events\views.py", line 125, in event_list
    return render(request, "events/event_list.html", {
        "page_obj": page,
    ...<6 lines>...
        "categories": [c.strip() for c in settings.EVENT_PREFERENCES.split(",") if c.strip()],
    })
  File "C:\Users\Kiragu\AppData\Roaming\Python\Python314\site-packages\django\shortcuts.py", line 25, in render
    content = loader.render_to_string(template_name, context, request, using=using)
  File "C:\Users\Kiragu\AppData\Roaming\Python\Python314\site-packages\django\template\loader.py", line 62, in render_to_string
    return template.render(context, request)
           ~~~~~~~~~~~~~~~^^^^^^^^^^^^^^^^^^
  File "C:\Users\Kiragu\AppData\Roaming\Python\Python314\site-packages\django\template\backends\django.py", line 107, in render
    return self.template.render(context)
           ~~~~~~~~~~~~~~~~~~~~^^^^^^^^^
  File "C:\Users\Kiragu\AppData\Roaming\Python\Python314\site-packages\django\template\base.py", line 172, in render
    return self._render(context)
           ~~~~~~~~~~~~^^^^^^^^^
  File "C:\Users\Kiragu\AppData\Roaming\Python\Python314\site-packages\django\template\base.py", line 164, in _render
    return self.nodelist.render(context)
           ~~~~~~~~~~~~~~~~~~~~^^^^^^^^^
  File "C:\Users\Kiragu\AppData\Roaming\Python\Python314\site-packages\django\template\base.py", line 1018, in render
    return SafeString("".join([node.render_annotated(context) for node in self]))
                               ~~~~~~~~~~~~~~~~~~~~~^^^^^^^^^
  File "C:\Users\Kiragu\AppData\Roaming\Python\Python314\site-packages\django\template\base.py", line 979, in render_annotated
    return self.render(context)
           ~~~~~~~~~~~^^^^^^^^^
  File "C:\Users\Kiragu\AppData\Roaming\Python\Python314\site-packages\django\template\loader_tags.py", line 159, in render
    return compiled_parent._render(context)
           ~~~~~~~~~~~~~~~~~~~~~~~^^^^^^^^^
  File "C:\Users\Kiragu\AppData\Roaming\Python\Python314\site-packages\django\template\base.py", line 164, in _render
    return self.nodelist.render(context)
           ~~~~~~~~~~~~~~~~~~~~^^^^^^^^^
  File "C:\Users\Kiragu\AppData\Roaming\Python\Python314\site-packages\django\template\base.py", line 1018, in render
    return SafeString("".join([node.render_annotated(context) for node in self]))
                               ~~~~~~~~~~~~~~~~~~~~~^^^^^^^^^
  File "C:\Users\Kiragu\AppData\Roaming\Python\Python314\site-packages\django\template\base.py", line 979, in render_annotated
    return self.render(context)
           ~~~~~~~~~~~^^^^^^^^^
  File "C:\Users\Kiragu\AppData\Roaming\Python\Python314\site-packages\django\template\loader_tags.py", line 65, in render
    result = block.nodelist.render(context)
  File "C:\Users\Kiragu\AppData\Roaming\Python\Python314\site-packages\django\template\base.py", line 1018, in render
    return SafeString("".join([node.render_annotated(context) for node in self]))
                               ~~~~~~~~~~~~~~~~~~~~~^^^^^^^^^
  File "C:\Users\Kiragu\AppData\Roaming\Python\Python314\site-packages\django\template\base.py", line 979, in render_annotated
    return self.render(context)
           ~~~~~~~~~~~^^^^^^^^^
  File "C:\Users\Kiragu\AppData\Roaming\Python\Python314\site-packages\django\template\defaulttags.py", line 480, in render
    url = reverse(view_name, args=args, kwargs=kwargs, current_app=current_app)
  File "C:\Users\Kiragu\AppData\Roaming\Python\Python314\site-packages\django\urls\base.py", line 98, in reverse
    resolved_url = resolver._reverse_with_prefix(view, prefix, *args, **kwargs)
  File "C:\Users\Kiragu\AppData\Roaming\Python\Python314\site-packages\django\urls\resolvers.py", line 831, in _reverse_with_prefix
    raise NoReverseMatch(msg)
django.urls.exceptions.NoReverseMatch: Reverse for 'export_events' not found. 'export_events' is not a valid view function or pattern name.
2026-06-09 12:32:51,681 INFO events.services.autoscan Autoscan scheduler started
2026-06-09 12:32:52,736 INFO events.services.autoscan Autoscan scheduler started
2026-06-09 12:32:52,804 INFO django.utils.autoreload Watching for file changes with StatReloader
2026-06-09 12:33:02,466 WARNING django.request Not Found: /e/_next/image
2026-06-09 12:33:03,814 WARNING django.request Not Found: /e/_next/image
2026-06-09 12:33:05,183 WARNING django.request Not Found: /e/_next/image
2026-06-09 12:33:28,654 WARNING django.request Not Found: /e/_next/image
2026-06-09 12:34:43,856 WARNING django.request Not Found: /e/_next/image
2026-06-09 12:51:47,865 INFO events.services.autoscan Autoscan scheduler started
2026-06-09 12:53:13,351 INFO events.services.autoscan Autoscan scheduler started
2026-06-09 12:53:27,270 INFO events.services.autoscan Autoscan scheduler started
2026-06-09 14:17:37,943 INFO events.services.autoscan Autoscan scheduler started
2026-06-09 14:18:25,086 INFO events.services.autoscan Autoscan scheduler started
2026-06-09 14:18:42,802 INFO events.services.autoscan Autoscan scheduler started
2026-06-09 14:18:43,838 INFO events.services.autoscan Autoscan starting for Nairobi
2026-06-09 14:18:43,839 ERROR events.services.autoscan Autoscan failed: run_scan() got an unexpected keyword argument 'scan_type'
2026-06-09 14:18:44,034 INFO events.services.autoscan Autoscan scheduler started
2026-06-09 14:18:44,136 INFO django.utils.autoreload Watching for file changes with StatReloader
2026-06-09 14:18:44,746 INFO events.services.autoscan Autoscan starting for Nairobi
2026-06-09 14:18:44,746 ERROR events.services.autoscan Autoscan failed: run_scan() got an unexpected keyword argument 'scan_type'
2026-06-09 14:21:04,158 WARNING django.request Not Found: /favicon.ico
2026-06-09 14:21:10,952 WARNING django.request Not Found: /e/_next/image
2026-06-09 14:21:12,784 WARNING django.request Not Found: /e/_next/image
2026-06-09 14:21:27,248 WARNING django.request Not Found: /e/_next/image
2026-06-09 14:23:43,842 INFO events.services.autoscan Autoscan starting for Nairobi
2026-06-09 14:23:43,843 ERROR events.services.autoscan Autoscan failed: run_scan() got an unexpected keyword argument 'scan_type'
2026-06-09 14:23:44,749 INFO events.services.autoscan Autoscan starting for Nairobi
2026-06-09 14:23:44,749 ERROR events.services.autoscan Autoscan failed: run_scan() got an unexpected keyword argument 'scan_type'
2026-06-09 14:28:43,846 INFO events.services.autoscan Autoscan starting for Nairobi
2026-06-09 14:28:43,846 ERROR events.services.autoscan Autoscan failed: run_scan() got an unexpected keyword argument 'scan_type'
2026-06-09 14:28:44,752 INFO events.services.autoscan Autoscan starting for Nairobi
2026-06-09 14:28:44,752 ERROR events.services.autoscan Autoscan failed: run_scan() got an unexpected keyword argument 'scan_type'
2026-06-09 14:28:57,129 INFO django.utils.autoreload E:\EVENTS\events\services\scrapers\__init__.py changed, reloading.
2026-06-09 14:28:57,979 INFO events.services.autoscan Autoscan scheduler started
2026-06-09 14:28:58,460 INFO events.services.autoscan Autoscan scheduler started
2026-06-09 14:28:58,587 INFO django.utils.autoreload Watching for file changes with StatReloader
2026-06-09 14:28:59,230 ERROR events.services.autoscan Autoscan loop error: unexpected character after line continuation character (club_sources.py, line 9)
2026-06-09 14:29:40,384 INFO events.services.autoscan Autoscan scheduler started
2026-06-09 14:29:41,029 ERROR events.services.autoscan Autoscan loop error: unexpected character after line continuation character (club_sources.py, line 9)
2026-06-09 14:29:41,408 INFO events.services.autoscan Autoscan scheduler started
2026-06-09 14:29:41,483 INFO django.utils.autoreload Watching for file changes with StatReloader
2026-06-09 14:29:41,989 ERROR events.services.autoscan Autoscan loop error: unexpected character after line continuation character (club_sources.py, line 9)
2026-06-09 14:31:00,026 INFO events.services.autoscan Autoscan scheduler started
2026-06-09 14:31:00,796 ERROR events.services.autoscan Autoscan loop error: No module named 'events.services.scrapers.club_sources'
2026-06-09 14:31:01,170 INFO events.services.autoscan Autoscan scheduler started
2026-06-09 14:31:01,253 INFO django.utils.autoreload Watching for file changes with StatReloader
2026-06-09 14:31:01,783 ERROR events.services.autoscan Autoscan loop error: No module named 'events.services.scrapers.club_sources'
2026-06-09 14:36:00,813 ERROR events.services.autoscan Autoscan loop error: No module named 'events.services.scrapers.club_sources'
2026-06-09 14:36:01,788 ERROR events.services.autoscan Autoscan loop error: No module named 'events.services.scrapers.club_sources'
2026-06-09 14:41:00,819 ERROR events.services.autoscan Autoscan loop error: No module named 'events.services.scrapers.club_sources'
2026-06-09 14:41:01,793 ERROR events.services.autoscan Autoscan loop error: No module named 'events.services.scrapers.club_sources'
2026-06-09 14:46:00,825 ERROR events.services.autoscan Autoscan loop error: No module named 'events.services.scrapers.club_sources'
2026-06-09 14:46:01,798 ERROR events.services.autoscan Autoscan loop error: No module named 'events.services.scrapers.club_sources'
2026-06-09 14:51:00,830 ERROR events.services.autoscan Autoscan loop error: No module named 'events.services.scrapers.club_sources'
2026-06-09 14:51:01,803 ERROR events.services.autoscan Autoscan loop error: No module named 'events.services.scrapers.club_sources'
2026-06-09 14:57:23,586 ERROR events.services.autoscan Autoscan loop error: No module named 'events.services.scrapers.club_sources'
2026-06-09 14:57:24,558 ERROR events.services.autoscan Autoscan loop error: No module named 'events.services.scrapers.club_sources'
2026-06-09 15:02:23,593 ERROR events.services.autoscan Autoscan loop error: No module named 'events.services.scrapers.club_sources'
2026-06-09 15:02:24,566 ERROR events.services.autoscan Autoscan loop error: No module named 'events.services.scrapers.club_sources'
2026-06-09 15:07:23,612 ERROR events.services.autoscan Autoscan loop error: No module named 'events.services.scrapers.club_sources'
2026-06-09 15:07:24,574 ERROR events.services.autoscan Autoscan loop error: No module named 'events.services.scrapers.club_sources'
2026-06-09 15:12:23,619 ERROR events.services.autoscan Autoscan loop error: No module named 'events.services.scrapers.club_sources'
2026-06-09 15:12:24,586 ERROR events.services.autoscan Autoscan loop error: No module named 'events.services.scrapers.club_sources'
2026-06-09 19:31:44,859 ERROR events.services.autoscan Autoscan loop error: No module named 'events.services.scrapers.club_sources'
2026-06-09 19:31:45,822 ERROR events.services.autoscan Autoscan loop error: No module named 'events.services.scrapers.club_sources'
2026-06-09 19:36:44,867 ERROR events.services.autoscan Autoscan loop error: No module named 'events.services.scrapers.club_sources'
2026-06-09 19:36:45,830 ERROR events.services.autoscan Autoscan loop error: No module named 'events.services.scrapers.club_sources'
2026-06-09 19:41:44,875 ERROR events.services.autoscan Autoscan loop error: No module named 'events.services.scrapers.club_sources'
2026-06-09 19:41:45,837 ERROR events.services.autoscan Autoscan loop error: No module named 'events.services.scrapers.club_sources'
2026-06-09 19:42:05,762 INFO events.services.autoscan Autoscan scheduler started
2026-06-09 19:42:07,326 ERROR events.services.autoscan Autoscan loop error: No module named 'events.services.scrapers.club_sources'
2026-06-09 19:42:07,672 INFO events.services.autoscan Autoscan scheduler started
2026-06-09 19:42:07,798 INFO django.utils.autoreload Watching for file changes with StatReloader
2026-06-09 19:42:08,733 ERROR events.services.autoscan Autoscan loop error: No module named 'events.services.scrapers.club_sources'
2026-06-09 19:43:48,713 INFO events.services.autoscan Autoscan scheduler started
2026-06-09 19:43:49,713 ERROR events.services.autoscan Autoscan loop error: cannot import name 'parse_event_date' from 'events.services.dates' (E:\EVENTS\events\services\dates.py)
2026-06-09 19:43:50,421 INFO events.services.autoscan Autoscan scheduler started
2026-06-09 19:43:50,564 INFO django.utils.autoreload Watching for file changes with StatReloader
2026-06-09 19:43:51,548 ERROR events.services.autoscan Autoscan loop error: cannot import name 'parse_event_date' from 'events.services.dates' (E:\EVENTS\events\services\dates.py)
2026-06-09 19:45:19,050 INFO events.services.autoscan Autoscan scheduler started
2026-06-09 19:45:20,115 INFO events.services.autoscan Autoscan starting for Nairobi
2026-06-09 19:45:20,116 ERROR events.services.autoscan Autoscan failed: run_scan() got an unexpected keyword argument 'scan_type'
2026-06-09 19:45:20,813 INFO events.services.autoscan Autoscan scheduler started
2026-06-09 19:45:20,954 INFO django.utils.autoreload Watching for file changes with StatReloader
2026-06-09 19:45:21,818 INFO events.services.autoscan Autoscan starting for Nairobi
2026-06-09 19:45:21,819 ERROR events.services.autoscan Autoscan failed: run_scan() got an unexpected keyword argument 'scan_type'
2026-06-09 19:45:36,895 WARNING django.request Not Found: /e/_next/image
2026-06-09 19:45:38,954 WARNING django.request Not Found: /e/_next/image
2026-06-09 19:46:51,753 WARNING django.request Not Found: /e/_next/image
2026-06-09 19:50:20,121 INFO events.services.autoscan Autoscan starting for Nairobi
2026-06-09 19:50:20,121 ERROR events.services.autoscan Autoscan failed: run_scan() got an unexpected keyword argument 'scan_type'
2026-06-09 19:50:21,824 INFO events.services.autoscan Autoscan starting for Nairobi
2026-06-09 19:50:21,825 ERROR events.services.autoscan Autoscan failed: run_scan() got an unexpected keyword argument 'scan_type'
2026-06-09 19:55:20,126 INFO events.services.autoscan Autoscan starting for Nairobi
2026-06-09 19:55:20,128 ERROR events.services.autoscan Autoscan failed: run_scan() got an unexpected keyword argument 'scan_type'
2026-06-09 19:55:21,830 INFO events.services.autoscan Autoscan starting for Nairobi
2026-06-09 19:55:21,831 ERROR events.services.autoscan Autoscan failed: run_scan() got an unexpected keyword argument 'scan_type'
2026-06-10 07:43:56,615 INFO events.services.autoscan Autoscan starting for Nairobi
2026-06-10 07:43:56,616 ERROR events.services.autoscan Autoscan failed: run_scan() got an unexpected keyword argument 'scan_type'
2026-06-10 07:43:58,321 INFO events.services.autoscan Autoscan starting for Nairobi
2026-06-10 07:43:58,322 ERROR events.services.autoscan Autoscan failed: run_scan() got an unexpected keyword argument 'scan_type'
2026-06-10 07:48:56,621 INFO events.services.autoscan Autoscan starting for Nairobi
2026-06-10 07:48:56,622 ERROR events.services.autoscan Autoscan failed: run_scan() got an unexpected keyword argument 'scan_type'
2026-06-10 07:48:58,326 INFO events.services.autoscan Autoscan starting for Nairobi
2026-06-10 07:48:58,327 ERROR events.services.autoscan Autoscan failed: run_scan() got an unexpected keyword argument 'scan_type'
2026-06-10 07:53:56,627 INFO events.services.autoscan Autoscan starting for Nairobi
2026-06-10 07:53:56,629 ERROR events.services.autoscan Autoscan failed: run_scan() got an unexpected keyword argument 'scan_type'
2026-06-10 07:53:58,331 INFO events.services.autoscan Autoscan starting for Nairobi
2026-06-10 07:53:58,331 ERROR events.services.autoscan Autoscan failed: run_scan() got an unexpected keyword argument 'scan_type'
2026-06-10 07:58:56,634 INFO events.services.autoscan Autoscan starting for Nairobi
2026-06-10 07:58:56,635 ERROR events.services.autoscan Autoscan failed: run_scan() got an unexpected keyword argument 'scan_type'
2026-06-10 07:58:58,336 INFO events.services.autoscan Autoscan starting for Nairobi
2026-06-10 07:58:58,337 ERROR events.services.autoscan Autoscan failed: run_scan() got an unexpected keyword argument 'scan_type'
2026-06-10 08:03:56,639 INFO events.services.autoscan Autoscan starting for Nairobi
2026-06-10 08:03:56,640 ERROR events.services.autoscan Autoscan failed: run_scan() got an unexpected keyword argument 'scan_type'
2026-06-10 08:03:58,340 INFO events.services.autoscan Autoscan starting for Nairobi
2026-06-10 08:03:58,341 ERROR events.services.autoscan Autoscan failed: run_scan() got an unexpected keyword argument 'scan_type'
2026-06-10 08:08:56,645 INFO events.services.autoscan Autoscan starting for Nairobi
2026-06-10 08:08:56,645 ERROR events.services.autoscan Autoscan failed: run_scan() got an unexpected keyword argument 'scan_type'
2026-06-10 08:08:58,347 INFO events.services.autoscan Autoscan starting for Nairobi
2026-06-10 08:08:58,348 ERROR events.services.autoscan Autoscan failed: run_scan() got an unexpected keyword argument 'scan_type'
2026-06-10 08:13:56,650 INFO events.services.autoscan Autoscan starting for Nairobi
2026-06-10 08:13:56,650 ERROR events.services.autoscan Autoscan failed: run_scan() got an unexpected keyword argument 'scan_type'
2026-06-10 08:13:58,352 INFO events.services.autoscan Autoscan starting for Nairobi
2026-06-10 08:13:58,352 ERROR events.services.autoscan Autoscan failed: run_scan() got an unexpected keyword argument 'scan_type'
2026-06-10 08:18:56,654 INFO events.services.autoscan Autoscan starting for Nairobi
2026-06-10 08:18:56,655 ERROR events.services.autoscan Autoscan failed: run_scan() got an unexpected keyword argument 'scan_type'
2026-06-10 08:18:58,356 INFO events.services.autoscan Autoscan starting for Nairobi
2026-06-10 08:18:58,357 ERROR events.services.autoscan Autoscan failed: run_scan() got an unexpected keyword argument 'scan_type'
2026-06-10 08:23:56,660 INFO events.services.autoscan Autoscan starting for Nairobi
2026-06-10 08:23:56,661 ERROR events.services.autoscan Autoscan failed: run_scan() got an unexpected keyword argument 'scan_type'
2026-06-10 08:23:58,360 INFO events.services.autoscan Autoscan starting for Nairobi
2026-06-10 08:23:58,361 ERROR events.services.autoscan Autoscan failed: run_scan() got an unexpected keyword argument 'scan_type'
2026-06-10 08:24:21,163 WARNING django.request Not Found: /e/_next/image
2026-06-10 08:24:21,174 WARNING django.request Not Found: /e/_next/image
2026-06-10 08:28:56,666 INFO events.services.autoscan Autoscan starting for Nairobi
2026-06-10 08:28:56,667 ERROR events.services.autoscan Autoscan failed: run_scan() got an unexpected keyword argument 'scan_type'
2026-06-10 08:28:58,365 INFO events.services.autoscan Autoscan starting for Nairobi
2026-06-10 08:28:58,366 ERROR events.services.autoscan Autoscan failed: run_scan() got an unexpected keyword argument 'scan_type'
2026-06-10 08:33:56,672 INFO events.services.autoscan Autoscan starting for Nairobi
2026-06-10 08:33:56,673 ERROR events.services.autoscan Autoscan failed: run_scan() got an unexpected keyword argument 'scan_type'
2026-06-10 08:33:58,373 INFO events.services.autoscan Autoscan starting for Nairobi
2026-06-10 08:33:58,376 ERROR events.services.autoscan Autoscan failed: run_scan() got an unexpected keyword argument 'scan_type'
2026-06-10 08:53:22,459 INFO django.utils.autoreload Watching for file changes with StatReloader
2026-06-10 09:00:35,053 INFO django.utils.autoreload Watching for file changes with StatReloader
2026-06-10 09:00:47,062 ERROR django.request Internal Server Error: /events/
Traceback (most recent call last):
  File "C:\Users\Kiragu\AppData\Roaming\Python\Python314\site-packages\django\db\backends\utils.py", line 105, in _execute
    return self.cursor.execute(sql, params)
           ~~~~~~~~~~~~~~~~~~~^^^^^^^^^^^^^
  File "C:\Users\Kiragu\AppData\Roaming\Python\Python314\site-packages\django\db\backends\sqlite3\base.py", line 360, in execute
    return super().execute(query, params)
           ~~~~~~~~~~~~~~~^^^^^^^^^^^^^^^
sqlite3.OperationalError: no such column: events_event.description

The above exception was the direct cause of the following exception:

Traceback (most recent call last):
  File "C:\Users\Kiragu\AppData\Roaming\Python\Python314\site-packages\django\core\handlers\exception.py", line 55, in inner
    response = get_response(request)
  File "C:\Users\Kiragu\AppData\Roaming\Python\Python314\site-packages\django\core\handlers\base.py", line 197, in _get_response
    response = wrapped_callback(request, *callback_args, **callback_kwargs)
  File "E:\EVENTS\events\views.py", line 12, in event_list
    return render(request, 'events/event_list.html', {'events': events})
  File "C:\Users\Kiragu\AppData\Roaming\Python\Python314\site-packages\django\shortcuts.py", line 25, in render
    content = loader.render_to_string(template_name, context, request, using=using)
  File "C:\Users\Kiragu\AppData\Roaming\Python\Python314\site-packages\django\template\loader.py", line 62, in render_to_string
    return template.render(context, request)
           ~~~~~~~~~~~~~~~^^^^^^^^^^^^^^^^^^
  File "C:\Users\Kiragu\AppData\Roaming\Python\Python314\site-packages\django\template\backends\django.py", line 107, in render
    return self.template.render(context)
           ~~~~~~~~~~~~~~~~~~~~^^^^^^^^^
  File "C:\Users\Kiragu\AppData\Roaming\Python\Python314\site-packages\django\template\base.py", line 172, in render
    return self._render(context)
           ~~~~~~~~~~~~^^^^^^^^^
  File "C:\Users\Kiragu\AppData\Roaming\Python\Python314\site-packages\django\template\base.py", line 164, in _render
    return self.nodelist.render(context)
           ~~~~~~~~~~~~~~~~~~~~^^^^^^^^^
  File "C:\Users\Kiragu\AppData\Roaming\Python\Python314\site-packages\django\template\base.py", line 1018, in render
    return SafeString("".join([node.render_annotated(context) for node in self]))
                               ~~~~~~~~~~~~~~~~~~~~~^^^^^^^^^
  File "C:\Users\Kiragu\AppData\Roaming\Python\Python314\site-packages\django\template\base.py", line 979, in render_annotated
    return self.render(context)
           ~~~~~~~~~~~^^^^^^^^^
  File "C:\Users\Kiragu\AppData\Roaming\Python\Python314\site-packages\django\template\defaulttags.py", line 199, in render
    len_values = len(values)
  File "C:\Users\Kiragu\AppData\Roaming\Python\Python314\site-packages\django\db\models\query.py", line 368, in __len__
    self._fetch_all()
    ~~~~~~~~~~~~~~~^^
  File "C:\Users\Kiragu\AppData\Roaming\Python\Python314\site-packages\django\db\models\query.py", line 1954, in _fetch_all
    self._result_cache = list(self._iterable_class(self))
                         ~~~~^^^^^^^^^^^^^^^^^^^^^^^^^^^^
  File "C:\Users\Kiragu\AppData\Roaming\Python\Python314\site-packages\django\db\models\query.py", line 93, in __iter__
    results = compiler.execute_sql(
        chunked_fetch=self.chunked_fetch, chunk_size=self.chunk_size
    )
  File "C:\Users\Kiragu\AppData\Roaming\Python\Python314\site-packages\django\db\models\sql\compiler.py", line 1623, in execute_sql
    cursor.execute(sql, params)
    ~~~~~~~~~~~~~~^^^^^^^^^^^^^
  File "C:\Users\Kiragu\AppData\Roaming\Python\Python314\site-packages\django\db\backends\utils.py", line 122, in execute
    return super().execute(sql, params)
           ~~~~~~~~~~~~~~~^^^^^^^^^^^^^
  File "C:\Users\Kiragu\AppData\Roaming\Python\Python314\site-packages\django\db\backends\utils.py", line 79, in execute
    return self._execute_with_wrappers(
           ~~~~~~~~~~~~~~~~~~~~~~~~~~~^
        sql, params, many=False, executor=self._execute
        ^^^^^^^^^^^^^^^^^^^^^^^^^^^^^^^^^^^^^^^^^^^^^^^
    )
    ^
  File "C:\Users\Kiragu\AppData\Roaming\Python\Python314\site-packages\django\db\backends\utils.py", line 92, in _execute_with_wrappers
    return executor(sql, params, many, context)
  File "C:\Users\Kiragu\AppData\Roaming\Python\Python314\site-packages\django\db\backends\utils.py", line 100, in _execute
    with self.db.wrap_database_errors:
         ^^^^^^^^^^^^^^^^^^^^^^^^^^^^
  File "C:\Users\Kiragu\AppData\Roaming\Python\Python314\site-packages\django\db\utils.py", line 91, in __exit__
    raise dj_exc_value.with_traceback(traceback) from exc_value
  File "C:\Users\Kiragu\AppData\Roaming\Python\Python314\site-packages\django\db\backends\utils.py", line 105, in _execute
    return self.cursor.execute(sql, params)
           ~~~~~~~~~~~~~~~~~~~^^^^^^^^^^^^^
  File "C:\Users\Kiragu\AppData\Roaming\Python\Python314\site-packages\django\db\backends\sqlite3\base.py", line 360, in execute
    return super().execute(query, params)
           ~~~~~~~~~~~~~~~^^^^^^^^^^^^^^^
django.db.utils.OperationalError: no such column: events_event.description
2026-06-10 09:00:48,831 ERROR django.request Internal Server Error: /events/
Traceback (most recent call last):
  File "C:\Users\Kiragu\AppData\Roaming\Python\Python314\site-packages\django\db\backends\utils.py", line 105, in _execute
    return self.cursor.execute(sql, params)
           ~~~~~~~~~~~~~~~~~~~^^^^^^^^^^^^^
  File "C:\Users\Kiragu\AppData\Roaming\Python\Python314\site-packages\django\db\backends\sqlite3\base.py", line 360, in execute
    return super().execute(query, params)
           ~~~~~~~~~~~~~~~^^^^^^^^^^^^^^^
sqlite3.OperationalError: no such column: events_event.description

The above exception was the direct cause of the following exception:

Traceback (most recent call last):
  File "C:\Users\Kiragu\AppData\Roaming\Python\Python314\site-packages\django\core\handlers\exception.py", line 55, in inner
    response = get_response(request)
  File "C:\Users\Kiragu\AppData\Roaming\Python\Python314\site-packages\django\core\handlers\base.py", line 197, in _get_response
    response = wrapped_callback(request, *callback_args, **callback_kwargs)
  File "E:\EVENTS\events\views.py", line 12, in event_list
    return render(request, 'events/event_list.html', {'events': events})
  File "C:\Users\Kiragu\AppData\Roaming\Python\Python314\site-packages\django\shortcuts.py", line 25, in render
    content = loader.render_to_string(template_name, context, request, using=using)
  File "C:\Users\Kiragu\AppData\Roaming\Python\Python314\site-packages\django\template\loader.py", line 62, in render_to_string
    return template.render(context, request)
           ~~~~~~~~~~~~~~~^^^^^^^^^^^^^^^^^^
  File "C:\Users\Kiragu\AppData\Roaming\Python\Python314\site-packages\django\template\backends\django.py", line 107, in render
    return self.template.render(context)
           ~~~~~~~~~~~~~~~~~~~~^^^^^^^^^
  File "C:\Users\Kiragu\AppData\Roaming\Python\Python314\site-packages\django\template\base.py", line 172, in render
    return self._render(context)
           ~~~~~~~~~~~~^^^^^^^^^
  File "C:\Users\Kiragu\AppData\Roaming\Python\Python314\site-packages\django\template\base.py", line 164, in _render
    return self.nodelist.render(context)
           ~~~~~~~~~~~~~~~~~~~~^^^^^^^^^
  File "C:\Users\Kiragu\AppData\Roaming\Python\Python314\site-packages\django\template\base.py", line 1018, in render
    return SafeString("".join([node.render_annotated(context) for node in self]))
                               ~~~~~~~~~~~~~~~~~~~~~^^^^^^^^^
  File "C:\Users\Kiragu\AppData\Roaming\Python\Python314\site-packages\django\template\base.py", line 979, in render_annotated
    return self.render(context)
           ~~~~~~~~~~~^^^^^^^^^
  File "C:\Users\Kiragu\AppData\Roaming\Python\Python314\site-packages\django\template\defaulttags.py", line 199, in render
    len_values = len(values)
  File "C:\Users\Kiragu\AppData\Roaming\Python\Python314\site-packages\django\db\models\query.py", line 368, in __len__
    self._fetch_all()
    ~~~~~~~~~~~~~~~^^
  File "C:\Users\Kiragu\AppData\Roaming\Python\Python314\site-packages\django\db\models\query.py", line 1954, in _fetch_all
    self._result_cache = list(self._iterable_class(self))
                         ~~~~^^^^^^^^^^^^^^^^^^^^^^^^^^^^
  File "C:\Users\Kiragu\AppData\Roaming\Python\Python314\site-packages\django\db\models\query.py", line 93, in __iter__
    results = compiler.execute_sql(
        chunked_fetch=self.chunked_fetch, chunk_size=self.chunk_size
    )
  File "C:\Users\Kiragu\AppData\Roaming\Python\Python314\site-packages\django\db\models\sql\compiler.py", line 1623, in execute_sql
    cursor.execute(sql, params)
    ~~~~~~~~~~~~~~^^^^^^^^^^^^^
  File "C:\Users\Kiragu\AppData\Roaming\Python\Python314\site-packages\django\db\backends\utils.py", line 122, in execute
    return super().execute(sql, params)
           ~~~~~~~~~~~~~~~^^^^^^^^^^^^^
  File "C:\Users\Kiragu\AppData\Roaming\Python\Python314\site-packages\django\db\backends\utils.py", line 79, in execute
    return self._execute_with_wrappers(
           ~~~~~~~~~~~~~~~~~~~~~~~~~~~^
        sql, params, many=False, executor=self._execute
        ^^^^^^^^^^^^^^^^^^^^^^^^^^^^^^^^^^^^^^^^^^^^^^^
    )
    ^
  File "C:\Users\Kiragu\AppData\Roaming\Python\Python314\site-packages\django\db\backends\utils.py", line 92, in _execute_with_wrappers
    return executor(sql, params, many, context)
  File "C:\Users\Kiragu\AppData\Roaming\Python\Python314\site-packages\django\db\backends\utils.py", line 100, in _execute
    with self.db.wrap_database_errors:
         ^^^^^^^^^^^^^^^^^^^^^^^^^^^^
  File "C:\Users\Kiragu\AppData\Roaming\Python\Python314\site-packages\django\db\utils.py", line 91, in __exit__
    raise dj_exc_value.with_traceback(traceback) from exc_value
  File "C:\Users\Kiragu\AppData\Roaming\Python\Python314\site-packages\django\db\backends\utils.py", line 105, in _execute
    return self.cursor.execute(sql, params)
           ~~~~~~~~~~~~~~~~~~~^^^^^^^^^^^^^
  File "C:\Users\Kiragu\AppData\Roaming\Python\Python314\site-packages\django\db\backends\sqlite3\base.py", line 360, in execute
    return super().execute(query, params)
           ~~~~~~~~~~~~~~~^^^^^^^^^^^^^^^
django.db.utils.OperationalError: no such column: events_event.description
2026-06-10 09:00:56,455 ERROR django.request Internal Server Error: /events/
Traceback (most recent call last):
  File "C:\Users\Kiragu\AppData\Roaming\Python\Python314\site-packages\django\db\backends\utils.py", line 105, in _execute
    return self.cursor.execute(sql, params)
           ~~~~~~~~~~~~~~~~~~~^^^^^^^^^^^^^
  File "C:\Users\Kiragu\AppData\Roaming\Python\Python314\site-packages\django\db\backends\sqlite3\base.py", line 360, in execute
    return super().execute(query, params)
           ~~~~~~~~~~~~~~~^^^^^^^^^^^^^^^
sqlite3.OperationalError: no such column: events_event.description

The above exception was the direct cause of the following exception:

Traceback (most recent call last):
  File "C:\Users\Kiragu\AppData\Roaming\Python\Python314\site-packages\django\core\handlers\exception.py", line 55, in inner
    response = get_response(request)
  File "C:\Users\Kiragu\AppData\Roaming\Python\Python314\site-packages\django\core\handlers\base.py", line 197, in _get_response
    response = wrapped_callback(request, *callback_args, **callback_kwargs)
  File "E:\EVENTS\events\views.py", line 12, in event_list
    return render(request, 'events/event_list.html', {'events': events})
  File "C:\Users\Kiragu\AppData\Roaming\Python\Python314\site-packages\django\shortcuts.py", line 25, in render
    content = loader.render_to_string(template_name, context, request, using=using)
  File "C:\Users\Kiragu\AppData\Roaming\Python\Python314\site-packages\django\template\loader.py", line 62, in render_to_string
    return template.render(context, request)
           ~~~~~~~~~~~~~~~^^^^^^^^^^^^^^^^^^
  File "C:\Users\Kiragu\AppData\Roaming\Python\Python314\site-packages\django\template\backends\django.py", line 107, in render
    return self.template.render(context)
           ~~~~~~~~~~~~~~~~~~~~^^^^^^^^^
  File "C:\Users\Kiragu\AppData\Roaming\Python\Python314\site-packages\django\template\base.py", line 172, in render
    return self._render(context)
           ~~~~~~~~~~~~^^^^^^^^^
  File "C:\Users\Kiragu\AppData\Roaming\Python\Python314\site-packages\django\template\base.py", line 164, in _render
    return self.nodelist.render(context)
           ~~~~~~~~~~~~~~~~~~~~^^^^^^^^^
  File "C:\Users\Kiragu\AppData\Roaming\Python\Python314\site-packages\django\template\base.py", line 1018, in render
    return SafeString("".join([node.render_annotated(context) for node in self]))
                               ~~~~~~~~~~~~~~~~~~~~~^^^^^^^^^
  File "C:\Users\Kiragu\AppData\Roaming\Python\Python314\site-packages\django\template\base.py", line 979, in render_annotated
    return self.render(context)
           ~~~~~~~~~~~^^^^^^^^^
  File "C:\Users\Kiragu\AppData\Roaming\Python\Python314\site-packages\django\template\defaulttags.py", line 199, in render
    len_values = len(values)
  File "C:\Users\Kiragu\AppData\Roaming\Python\Python314\site-packages\django\db\models\query.py", line 368, in __len__
    self._fetch_all()
    ~~~~~~~~~~~~~~~^^
  File "C:\Users\Kiragu\AppData\Roaming\Python\Python314\site-packages\django\db\models\query.py", line 1954, in _fetch_all
    self._result_cache = list(self._iterable_class(self))
                         ~~~~^^^^^^^^^^^^^^^^^^^^^^^^^^^^
  File "C:\Users\Kiragu\AppData\Roaming\Python\Python314\site-packages\django\db\models\query.py", line 93, in __iter__
    results = compiler.execute_sql(
        chunked_fetch=self.chunked_fetch, chunk_size=self.chunk_size
    )
  File "C:\Users\Kiragu\AppData\Roaming\Python\Python314\site-packages\django\db\models\sql\compiler.py", line 1623, in execute_sql
    cursor.execute(sql, params)
    ~~~~~~~~~~~~~~^^^^^^^^^^^^^
  File "C:\Users\Kiragu\AppData\Roaming\Python\Python314\site-packages\django\db\backends\utils.py", line 122, in execute
    return super().execute(sql, params)
           ~~~~~~~~~~~~~~~^^^^^^^^^^^^^
  File "C:\Users\Kiragu\AppData\Roaming\Python\Python314\site-packages\django\db\backends\utils.py", line 79, in execute
    return self._execute_with_wrappers(
           ~~~~~~~~~~~~~~~~~~~~~~~~~~~^
        sql, params, many=False, executor=self._execute
        ^^^^^^^^^^^^^^^^^^^^^^^^^^^^^^^^^^^^^^^^^^^^^^^
    )
    ^
  File "C:\Users\Kiragu\AppData\Roaming\Python\Python314\site-packages\django\db\backends\utils.py", line 92, in _execute_with_wrappers
    return executor(sql, params, many, context)
  File "C:\Users\Kiragu\AppData\Roaming\Python\Python314\site-packages\django\db\backends\utils.py", line 100, in _execute
    with self.db.wrap_database_errors:
         ^^^^^^^^^^^^^^^^^^^^^^^^^^^^
  File "C:\Users\Kiragu\AppData\Roaming\Python\Python314\site-packages\django\db\utils.py", line 91, in __exit__
    raise dj_exc_value.with_traceback(traceback) from exc_value
  File "C:\Users\Kiragu\AppData\Roaming\Python\Python314\site-packages\django\db\backends\utils.py", line 105, in _execute
    return self.cursor.execute(sql, params)
           ~~~~~~~~~~~~~~~~~~~^^^^^^^^^^^^^
  File "C:\Users\Kiragu\AppData\Roaming\Python\Python314\site-packages\django\db\backends\sqlite3\base.py", line 360, in execute
    return super().execute(query, params)
           ~~~~~~~~~~~~~~~^^^^^^^^^^^^^^^
django.db.utils.OperationalError: no such column: events_event.description
2026-06-10 09:05:40,968 INFO django.utils.autoreload Watching for file changes with StatReloader
2026-06-10 09:05:46,995 ERROR django.request Internal Server Error: /events/
Traceback (most recent call last):
  File "C:\Users\Kiragu\AppData\Roaming\Python\Python314\site-packages\django\db\backends\utils.py", line 105, in _execute
    return self.cursor.execute(sql, params)
           ~~~~~~~~~~~~~~~~~~~^^^^^^^^^^^^^
  File "C:\Users\Kiragu\AppData\Roaming\Python\Python314\site-packages\django\db\backends\sqlite3\base.py", line 360, in execute
    return super().execute(query, params)
           ~~~~~~~~~~~~~~~^^^^^^^^^^^^^^^
sqlite3.OperationalError: no such column: events_event.organizer

The above exception was the direct cause of the following exception:

Traceback (most recent call last):
  File "C:\Users\Kiragu\AppData\Roaming\Python\Python314\site-packages\django\core\handlers\exception.py", line 55, in inner
    response = get_response(request)
  File "C:\Users\Kiragu\AppData\Roaming\Python\Python314\site-packages\django\core\handlers\base.py", line 197, in _get_response
    response = wrapped_callback(request, *callback_args, **callback_kwargs)
  File "E:\EVENTS\events\views.py", line 12, in event_list
    return render(request, 'events/event_list.html', {'events': events})
  File "C:\Users\Kiragu\AppData\Roaming\Python\Python314\site-packages\django\shortcuts.py", line 25, in render
    content = loader.render_to_string(template_name, context, request, using=using)
  File "C:\Users\Kiragu\AppData\Roaming\Python\Python314\site-packages\django\template\loader.py", line 62, in render_to_string
    return template.render(context, request)
           ~~~~~~~~~~~~~~~^^^^^^^^^^^^^^^^^^
  File "C:\Users\Kiragu\AppData\Roaming\Python\Python314\site-packages\django\template\backends\django.py", line 107, in render
    return self.template.render(context)
           ~~~~~~~~~~~~~~~~~~~~^^^^^^^^^
  File "C:\Users\Kiragu\AppData\Roaming\Python\Python314\site-packages\django\template\base.py", line 172, in render
    return self._render(context)
           ~~~~~~~~~~~~^^^^^^^^^
  File "C:\Users\Kiragu\AppData\Roaming\Python\Python314\site-packages\django\template\base.py", line 164, in _render
    return self.nodelist.render(context)
           ~~~~~~~~~~~~~~~~~~~~^^^^^^^^^
  File "C:\Users\Kiragu\AppData\Roaming\Python\Python314\site-packages\django\template\base.py", line 1018, in render
    return SafeString("".join([node.render_annotated(context) for node in self]))
                               ~~~~~~~~~~~~~~~~~~~~~^^^^^^^^^
  File "C:\Users\Kiragu\AppData\Roaming\Python\Python314\site-packages\django\template\base.py", line 979, in render_annotated
    return self.render(context)
           ~~~~~~~~~~~^^^^^^^^^
  File "C:\Users\Kiragu\AppData\Roaming\Python\Python314\site-packages\django\template\defaulttags.py", line 199, in render
    len_values = len(values)
  File "C:\Users\Kiragu\AppData\Roaming\Python\Python314\site-packages\django\db\models\query.py", line 368, in __len__
    self._fetch_all()
    ~~~~~~~~~~~~~~~^^
  File "C:\Users\Kiragu\AppData\Roaming\Python\Python314\site-packages\django\db\models\query.py", line 1954, in _fetch_all
    self._result_cache = list(self._iterable_class(self))
                         ~~~~^^^^^^^^^^^^^^^^^^^^^^^^^^^^
  File "C:\Users\Kiragu\AppData\Roaming\Python\Python314\site-packages\django\db\models\query.py", line 93, in __iter__
    results = compiler.execute_sql(
        chunked_fetch=self.chunked_fetch, chunk_size=self.chunk_size
    )
  File "C:\Users\Kiragu\AppData\Roaming\Python\Python314\site-packages\django\db\models\sql\compiler.py", line 1623, in execute_sql
    cursor.execute(sql, params)
    ~~~~~~~~~~~~~~^^^^^^^^^^^^^
  File "C:\Users\Kiragu\AppData\Roaming\Python\Python314\site-packages\django\db\backends\utils.py", line 122, in execute
    return super().execute(sql, params)
           ~~~~~~~~~~~~~~~^^^^^^^^^^^^^
  File "C:\Users\Kiragu\AppData\Roaming\Python\Python314\site-packages\django\db\backends\utils.py", line 79, in execute
    return self._execute_with_wrappers(
           ~~~~~~~~~~~~~~~~~~~~~~~~~~~^
        sql, params, many=False, executor=self._execute
        ^^^^^^^^^^^^^^^^^^^^^^^^^^^^^^^^^^^^^^^^^^^^^^^
    )
    ^
  File "C:\Users\Kiragu\AppData\Roaming\Python\Python314\site-packages\django\db\backends\utils.py", line 92, in _execute_with_wrappers
    return executor(sql, params, many, context)
  File "C:\Users\Kiragu\AppData\Roaming\Python\Python314\site-packages\django\db\backends\utils.py", line 100, in _execute
    with self.db.wrap_database_errors:
         ^^^^^^^^^^^^^^^^^^^^^^^^^^^^
  File "C:\Users\Kiragu\AppData\Roaming\Python\Python314\site-packages\django\db\utils.py", line 91, in __exit__
    raise dj_exc_value.with_traceback(traceback) from exc_value
  File "C:\Users\Kiragu\AppData\Roaming\Python\Python314\site-packages\django\db\backends\utils.py", line 105, in _execute
    return self.cursor.execute(sql, params)
           ~~~~~~~~~~~~~~~~~~~^^^^^^^^^^^^^
  File "C:\Users\Kiragu\AppData\Roaming\Python\Python314\site-packages\django\db\backends\sqlite3\base.py", line 360, in execute
    return super().execute(query, params)
           ~~~~~~~~~~~~~~~^^^^^^^^^^^^^^^
django.db.utils.OperationalError: no such column: events_event.organizer
2026-06-10 09:05:47,829 ERROR django.request Internal Server Error: /events/
Traceback (most recent call last):
  File "C:\Users\Kiragu\AppData\Roaming\Python\Python314\site-packages\django\db\backends\utils.py", line 105, in _execute
    return self.cursor.execute(sql, params)
           ~~~~~~~~~~~~~~~~~~~^^^^^^^^^^^^^
  File "C:\Users\Kiragu\AppData\Roaming\Python\Python314\site-packages\django\db\backends\sqlite3\base.py", line 360, in execute
    return super().execute(query, params)
           ~~~~~~~~~~~~~~~^^^^^^^^^^^^^^^
sqlite3.OperationalError: no such column: events_event.organizer

The above exception was the direct cause of the following exception:

Traceback (most recent call last):
  File "C:\Users\Kiragu\AppData\Roaming\Python\Python314\site-packages\django\core\handlers\exception.py", line 55, in inner
    response = get_response(request)
  File "C:\Users\Kiragu\AppData\Roaming\Python\Python314\site-packages\django\core\handlers\base.py", line 197, in _get_response
    response = wrapped_callback(request, *callback_args, **callback_kwargs)
  File "E:\EVENTS\events\views.py", line 12, in event_list
    return render(request, 'events/event_list.html', {'events': events})
  File "C:\Users\Kiragu\AppData\Roaming\Python\Python314\site-packages\django\shortcuts.py", line 25, in render
    content = loader.render_to_string(template_name, context, request, using=using)
  File "C:\Users\Kiragu\AppData\Roaming\Python\Python314\site-packages\django\template\loader.py", line 62, in render_to_string
    return template.render(context, request)
           ~~~~~~~~~~~~~~~^^^^^^^^^^^^^^^^^^
  File "C:\Users\Kiragu\AppData\Roaming\Python\Python314\site-packages\django\template\backends\django.py", line 107, in render
    return self.template.render(context)
           ~~~~~~~~~~~~~~~~~~~~^^^^^^^^^
  File "C:\Users\Kiragu\AppData\Roaming\Python\Python314\site-packages\django\template\base.py", line 172, in render
    return self._render(context)
           ~~~~~~~~~~~~^^^^^^^^^
  File "C:\Users\Kiragu\AppData\Roaming\Python\Python314\site-packages\django\template\base.py", line 164, in _render
    return self.nodelist.render(context)
           ~~~~~~~~~~~~~~~~~~~~^^^^^^^^^
  File "C:\Users\Kiragu\AppData\Roaming\Python\Python314\site-packages\django\template\base.py", line 1018, in render
    return SafeString("".join([node.render_annotated(context) for node in self]))
                               ~~~~~~~~~~~~~~~~~~~~~^^^^^^^^^
  File "C:\Users\Kiragu\AppData\Roaming\Python\Python314\site-packages\django\template\base.py", line 979, in render_annotated
    return self.render(context)
           ~~~~~~~~~~~^^^^^^^^^
  File "C:\Users\Kiragu\AppData\Roaming\Python\Python314\site-packages\django\template\defaulttags.py", line 199, in render
    len_values = len(values)
  File "C:\Users\Kiragu\AppData\Roaming\Python\Python314\site-packages\django\db\models\query.py", line 368, in __len__
    self._fetch_all()
    ~~~~~~~~~~~~~~~^^
  File "C:\Users\Kiragu\AppData\Roaming\Python\Python314\site-packages\django\db\models\query.py", line 1954, in _fetch_all
    self._result_cache = list(self._iterable_class(self))
                         ~~~~^^^^^^^^^^^^^^^^^^^^^^^^^^^^
  File "C:\Users\Kiragu\AppData\Roaming\Python\Python314\site-packages\django\db\models\query.py", line 93, in __iter__
    results = compiler.execute_sql(
        chunked_fetch=self.chunked_fetch, chunk_size=self.chunk_size
    )
  File "C:\Users\Kiragu\AppData\Roaming\Python\Python314\site-packages\django\db\models\sql\compiler.py", line 1623, in execute_sql
    cursor.execute(sql, params)
    ~~~~~~~~~~~~~~^^^^^^^^^^^^^
  File "C:\Users\Kiragu\AppData\Roaming\Python\Python314\site-packages\django\db\backends\utils.py", line 122, in execute
    return super().execute(sql, params)
           ~~~~~~~~~~~~~~~^^^^^^^^^^^^^
  File "C:\Users\Kiragu\AppData\Roaming\Python\Python314\site-packages\django\db\backends\utils.py", line 79, in execute
    return self._execute_with_wrappers(
           ~~~~~~~~~~~~~~~~~~~~~~~~~~~^
        sql, params, many=False, executor=self._execute
        ^^^^^^^^^^^^^^^^^^^^^^^^^^^^^^^^^^^^^^^^^^^^^^^
    )
    ^
  File "C:\Users\Kiragu\AppData\Roaming\Python\Python314\site-packages\django\db\backends\utils.py", line 92, in _execute_with_wrappers
    return executor(sql, params, many, context)
  File "C:\Users\Kiragu\AppData\Roaming\Python\Python314\site-packages\django\db\backends\utils.py", line 100, in _execute
    with self.db.wrap_database_errors:
         ^^^^^^^^^^^^^^^^^^^^^^^^^^^^
  File "C:\Users\Kiragu\AppData\Roaming\Python\Python314\site-packages\django\db\utils.py", line 91, in __exit__
    raise dj_exc_value.with_traceback(traceback) from exc_value
  File "C:\Users\Kiragu\AppData\Roaming\Python\Python314\site-packages\django\db\backends\utils.py", line 105, in _execute
    return self.cursor.execute(sql, params)
           ~~~~~~~~~~~~~~~~~~~^^^^^^^^^^^^^
  File "C:\Users\Kiragu\AppData\Roaming\Python\Python314\site-packages\django\db\backends\sqlite3\base.py", line 360, in execute
    return super().execute(query, params)
           ~~~~~~~~~~~~~~~^^^^^^^^^^^^^^^
django.db.utils.OperationalError: no such column: events_event.organizer
2026-06-10 09:05:48,417 ERROR django.request Internal Server Error: /events/
Traceback (most recent call last):
  File "C:\Users\Kiragu\AppData\Roaming\Python\Python314\site-packages\django\db\backends\utils.py", line 105, in _execute
    return self.cursor.execute(sql, params)
           ~~~~~~~~~~~~~~~~~~~^^^^^^^^^^^^^
  File "C:\Users\Kiragu\AppData\Roaming\Python\Python314\site-packages\django\db\backends\sqlite3\base.py", line 360, in execute
    return super().execute(query, params)
           ~~~~~~~~~~~~~~~^^^^^^^^^^^^^^^
sqlite3.OperationalError: no such column: events_event.organizer

The above exception was the direct cause of the following exception:

Traceback (most recent call last):
  File "C:\Users\Kiragu\AppData\Roaming\Python\Python314\site-packages\django\core\handlers\exception.py", line 55, in inner
    response = get_response(request)
  File "C:\Users\Kiragu\AppData\Roaming\Python\Python314\site-packages\django\core\handlers\base.py", line 197, in _get_response
    response = wrapped_callback(request, *callback_args, **callback_kwargs)
  File "E:\EVENTS\events\views.py", line 12, in event_list
    return render(request, 'events/event_list.html', {'events': events})
  File "C:\Users\Kiragu\AppData\Roaming\Python\Python314\site-packages\django\shortcuts.py", line 25, in render
    content = loader.render_to_string(template_name, context, request, using=using)
  File "C:\Users\Kiragu\AppData\Roaming\Python\Python314\site-packages\django\template\loader.py", line 62, in render_to_string
    return template.render(context, request)
           ~~~~~~~~~~~~~~~^^^^^^^^^^^^^^^^^^
  File "C:\Users\Kiragu\AppData\Roaming\Python\Python314\site-packages\django\template\backends\django.py", line 107, in render
    return self.template.render(context)
           ~~~~~~~~~~~~~~~~~~~~^^^^^^^^^
  File "C:\Users\Kiragu\AppData\Roaming\Python\Python314\site-packages\django\template\base.py", line 172, in render
    return self._render(context)
           ~~~~~~~~~~~~^^^^^^^^^
  File "C:\Users\Kiragu\AppData\Roaming\Python\Python314\site-packages\django\template\base.py", line 164, in _render
    return self.nodelist.render(context)
           ~~~~~~~~~~~~~~~~~~~~^^^^^^^^^
  File "C:\Users\Kiragu\AppData\Roaming\Python\Python314\site-packages\django\template\base.py", line 1018, in render
    return SafeString("".join([node.render_annotated(context) for node in self]))
                               ~~~~~~~~~~~~~~~~~~~~~^^^^^^^^^
  File "C:\Users\Kiragu\AppData\Roaming\Python\Python314\site-packages\django\template\base.py", line 979, in render_annotated
    return self.render(context)
           ~~~~~~~~~~~^^^^^^^^^
  File "C:\Users\Kiragu\AppData\Roaming\Python\Python314\site-packages\django\template\defaulttags.py", line 199, in render
    len_values = len(values)
  File "C:\Users\Kiragu\AppData\Roaming\Python\Python314\site-packages\django\db\models\query.py", line 368, in __len__
    self._fetch_all()
    ~~~~~~~~~~~~~~~^^
  File "C:\Users\Kiragu\AppData\Roaming\Python\Python314\site-packages\django\db\models\query.py", line 1954, in _fetch_all
    self._result_cache = list(self._iterable_class(self))
                         ~~~~^^^^^^^^^^^^^^^^^^^^^^^^^^^^
  File "C:\Users\Kiragu\AppData\Roaming\Python\Python314\site-packages\django\db\models\query.py", line 93, in __iter__
    results = compiler.execute_sql(
        chunked_fetch=self.chunked_fetch, chunk_size=self.chunk_size
    )
  File "C:\Users\Kiragu\AppData\Roaming\Python\Python314\site-packages\django\db\models\sql\compiler.py", line 1623, in execute_sql
    cursor.execute(sql, params)
    ~~~~~~~~~~~~~~^^^^^^^^^^^^^
  File "C:\Users\Kiragu\AppData\Roaming\Python\Python314\site-packages\django\db\backends\utils.py", line 122, in execute
    return super().execute(sql, params)
           ~~~~~~~~~~~~~~~^^^^^^^^^^^^^
  File "C:\Users\Kiragu\AppData\Roaming\Python\Python314\site-packages\django\db\backends\utils.py", line 79, in execute
    return self._execute_with_wrappers(
           ~~~~~~~~~~~~~~~~~~~~~~~~~~~^
        sql, params, many=False, executor=self._execute
        ^^^^^^^^^^^^^^^^^^^^^^^^^^^^^^^^^^^^^^^^^^^^^^^
    )
    ^
  File "C:\Users\Kiragu\AppData\Roaming\Python\Python314\site-packages\django\db\backends\utils.py", line 92, in _execute_with_wrappers
    return executor(sql, params, many, context)
  File "C:\Users\Kiragu\AppData\Roaming\Python\Python314\site-packages\django\db\backends\utils.py", line 100, in _execute
    with self.db.wrap_database_errors:
         ^^^^^^^^^^^^^^^^^^^^^^^^^^^^
  File "C:\Users\Kiragu\AppData\Roaming\Python\Python314\site-packages\django\db\utils.py", line 91, in __exit__
    raise dj_exc_value.with_traceback(traceback) from exc_value
  File "C:\Users\Kiragu\AppData\Roaming\Python\Python314\site-packages\django\db\backends\utils.py", line 105, in _execute
    return self.cursor.execute(sql, params)
           ~~~~~~~~~~~~~~~~~~~^^^^^^^^^^^^^
  File "C:\Users\Kiragu\AppData\Roaming\Python\Python314\site-packages\django\db\backends\sqlite3\base.py", line 360, in execute
    return super().execute(query, params)
           ~~~~~~~~~~~~~~~^^^^^^^^^^^^^^^
django.db.utils.OperationalError: no such column: events_event.organizer
2026-06-10 09:05:48,743 ERROR django.request Internal Server Error: /events/
Traceback (most recent call last):
  File "C:\Users\Kiragu\AppData\Roaming\Python\Python314\site-packages\django\db\backends\utils.py", line 105, in _execute
    return self.cursor.execute(sql, params)
           ~~~~~~~~~~~~~~~~~~~^^^^^^^^^^^^^
  File "C:\Users\Kiragu\AppData\Roaming\Python\Python314\site-packages\django\db\backends\sqlite3\base.py", line 360, in execute
    return super().execute(query, params)
           ~~~~~~~~~~~~~~~^^^^^^^^^^^^^^^
sqlite3.OperationalError: no such column: events_event.organizer

The above exception was the direct cause of the following exception:

Traceback (most recent call last):
  File "C:\Users\Kiragu\AppData\Roaming\Python\Python314\site-packages\django\core\handlers\exception.py", line 55, in inner
    response = get_response(request)
  File "C:\Users\Kiragu\AppData\Roaming\Python\Python314\site-packages\django\core\handlers\base.py", line 197, in _get_response
    response = wrapped_callback(request, *callback_args, **callback_kwargs)
  File "E:\EVENTS\events\views.py", line 12, in event_list
    return render(request, 'events/event_list.html', {'events': events})
  File "C:\Users\Kiragu\AppData\Roaming\Python\Python314\site-packages\django\shortcuts.py", line 25, in render
    content = loader.render_to_string(template_name, context, request, using=using)
  File "C:\Users\Kiragu\AppData\Roaming\Python\Python314\site-packages\django\template\loader.py", line 62, in render_to_string
    return template.render(context, request)
           ~~~~~~~~~~~~~~~^^^^^^^^^^^^^^^^^^
  File "C:\Users\Kiragu\AppData\Roaming\Python\Python314\site-packages\django\template\backends\django.py", line 107, in render
    return self.template.render(context)
           ~~~~~~~~~~~~~~~~~~~~^^^^^^^^^
  File "C:\Users\Kiragu\AppData\Roaming\Python\Python314\site-packages\django\template\base.py", line 172, in render
    return self._render(context)
           ~~~~~~~~~~~~^^^^^^^^^
  File "C:\Users\Kiragu\AppData\Roaming\Python\Python314\site-packages\django\template\base.py", line 164, in _render
    return self.nodelist.render(context)
           ~~~~~~~~~~~~~~~~~~~~^^^^^^^^^
  File "C:\Users\Kiragu\AppData\Roaming\Python\Python314\site-packages\django\template\base.py", line 1018, in render
    return SafeString("".join([node.render_annotated(context) for node in self]))
                               ~~~~~~~~~~~~~~~~~~~~~^^^^^^^^^
  File "C:\Users\Kiragu\AppData\Roaming\Python\Python314\site-packages\django\template\base.py", line 979, in render_annotated
    return self.render(context)
           ~~~~~~~~~~~^^^^^^^^^
  File "C:\Users\Kiragu\AppData\Roaming\Python\Python314\site-packages\django\template\defaulttags.py", line 199, in render
    len_values = len(values)
  File "C:\Users\Kiragu\AppData\Roaming\Python\Python314\site-packages\django\db\models\query.py", line 368, in __len__
    self._fetch_all()
    ~~~~~~~~~~~~~~~^^
  File "C:\Users\Kiragu\AppData\Roaming\Python\Python314\site-packages\django\db\models\query.py", line 1954, in _fetch_all
    self._result_cache = list(self._iterable_class(self))
                         ~~~~^^^^^^^^^^^^^^^^^^^^^^^^^^^^
  File "C:\Users\Kiragu\AppData\Roaming\Python\Python314\site-packages\django\db\models\query.py", line 93, in __iter__
    results = compiler.execute_sql(
        chunked_fetch=self.chunked_fetch, chunk_size=self.chunk_size
    )
  File "C:\Users\Kiragu\AppData\Roaming\Python\Python314\site-packages\django\db\models\sql\compiler.py", line 1623, in execute_sql
    cursor.execute(sql, params)
    ~~~~~~~~~~~~~~^^^^^^^^^^^^^
  File "C:\Users\Kiragu\AppData\Roaming\Python\Python314\site-packages\django\db\backends\utils.py", line 122, in execute
    return super().execute(sql, params)
           ~~~~~~~~~~~~~~~^^^^^^^^^^^^^
  File "C:\Users\Kiragu\AppData\Roaming\Python\Python314\site-packages\django\db\backends\utils.py", line 79, in execute
    return self._execute_with_wrappers(
           ~~~~~~~~~~~~~~~~~~~~~~~~~~~^
        sql, params, many=False, executor=self._execute
        ^^^^^^^^^^^^^^^^^^^^^^^^^^^^^^^^^^^^^^^^^^^^^^^
    )
    ^
  File "C:\Users\Kiragu\AppData\Roaming\Python\Python314\site-packages\django\db\backends\utils.py", line 92, in _execute_with_wrappers
    return executor(sql, params, many, context)
  File "C:\Users\Kiragu\AppData\Roaming\Python\Python314\site-packages\django\db\backends\utils.py", line 100, in _execute
    with self.db.wrap_database_errors:
         ^^^^^^^^^^^^^^^^^^^^^^^^^^^^
  File "C:\Users\Kiragu\AppData\Roaming\Python\Python314\site-packages\django\db\utils.py", line 91, in __exit__
    raise dj_exc_value.with_traceback(traceback) from exc_value
  File "C:\Users\Kiragu\AppData\Roaming\Python\Python314\site-packages\django\db\backends\utils.py", line 105, in _execute
    return self.cursor.execute(sql, params)
           ~~~~~~~~~~~~~~~~~~~^^^^^^^^^^^^^
  File "C:\Users\Kiragu\AppData\Roaming\Python\Python314\site-packages\django\db\backends\sqlite3\base.py", line 360, in execute
    return super().execute(query, params)
           ~~~~~~~~~~~~~~~^^^^^^^^^^^^^^^
django.db.utils.OperationalError: no such column: events_event.organizer
2026-06-10 09:05:50,277 ERROR django.request Internal Server Error: /events/
Traceback (most recent call last):
  File "C:\Users\Kiragu\AppData\Roaming\Python\Python314\site-packages\django\db\backends\utils.py", line 105, in _execute
    return self.cursor.execute(sql, params)
           ~~~~~~~~~~~~~~~~~~~^^^^^^^^^^^^^
  File "C:\Users\Kiragu\AppData\Roaming\Python\Python314\site-packages\django\db\backends\sqlite3\base.py", line 360, in execute
    return super().execute(query, params)
           ~~~~~~~~~~~~~~~^^^^^^^^^^^^^^^
sqlite3.OperationalError: no such column: events_event.organizer

The above exception was the direct cause of the following exception:

Traceback (most recent call last):
  File "C:\Users\Kiragu\AppData\Roaming\Python\Python314\site-packages\django\core\handlers\exception.py", line 55, in inner
    response = get_response(request)
  File "C:\Users\Kiragu\AppData\Roaming\Python\Python314\site-packages\django\core\handlers\base.py", line 197, in _get_response
    response = wrapped_callback(request, *callback_args, **callback_kwargs)
  File "E:\EVENTS\events\views.py", line 12, in event_list
    return render(request, 'events/event_list.html', {'events': events})
  File "C:\Users\Kiragu\AppData\Roaming\Python\Python314\site-packages\django\shortcuts.py", line 25, in render
    content = loader.render_to_string(template_name, context, request, using=using)
  File "C:\Users\Kiragu\AppData\Roaming\Python\Python314\site-packages\django\template\loader.py", line 62, in render_to_string
    return template.render(context, request)
           ~~~~~~~~~~~~~~~^^^^^^^^^^^^^^^^^^
  File "C:\Users\Kiragu\AppData\Roaming\Python\Python314\site-packages\django\template\backends\django.py", line 107, in render
    return self.template.render(context)
           ~~~~~~~~~~~~~~~~~~~~^^^^^^^^^
  File "C:\Users\Kiragu\AppData\Roaming\Python\Python314\site-packages\django\template\base.py", line 172, in render
    return self._render(context)
           ~~~~~~~~~~~~^^^^^^^^^
  File "C:\Users\Kiragu\AppData\Roaming\Python\Python314\site-packages\django\template\base.py", line 164, in _render
    return self.nodelist.render(context)
           ~~~~~~~~~~~~~~~~~~~~^^^^^^^^^
  File "C:\Users\Kiragu\AppData\Roaming\Python\Python314\site-packages\django\template\base.py", line 1018, in render
    return SafeString("".join([node.render_annotated(context) for node in self]))
                               ~~~~~~~~~~~~~~~~~~~~~^^^^^^^^^
  File "C:\Users\Kiragu\AppData\Roaming\Python\Python314\site-packages\django\template\base.py", line 979, in render_annotated
    return self.render(context)
           ~~~~~~~~~~~^^^^^^^^^
  File "C:\Users\Kiragu\AppData\Roaming\Python\Python314\site-packages\django\template\defaulttags.py", line 199, in render
    len_values = len(values)
  File "C:\Users\Kiragu\AppData\Roaming\Python\Python314\site-packages\django\db\models\query.py", line 368, in __len__
    self._fetch_all()
    ~~~~~~~~~~~~~~~^^
  File "C:\Users\Kiragu\AppData\Roaming\Python\Python314\site-packages\django\db\models\query.py", line 1954, in _fetch_all
    self._result_cache = list(self._iterable_class(self))
                         ~~~~^^^^^^^^^^^^^^^^^^^^^^^^^^^^
  File "C:\Users\Kiragu\AppData\Roaming\Python\Python314\site-packages\django\db\models\query.py", line 93, in __iter__
    results = compiler.execute_sql(
        chunked_fetch=self.chunked_fetch, chunk_size=self.chunk_size
    )
  File "C:\Users\Kiragu\AppData\Roaming\Python\Python314\site-packages\django\db\models\sql\compiler.py", line 1623, in execute_sql
    cursor.execute(sql, params)
    ~~~~~~~~~~~~~~^^^^^^^^^^^^^
  File "C:\Users\Kiragu\AppData\Roaming\Python\Python314\site-packages\django\db\backends\utils.py", line 122, in execute
    return super().execute(sql, params)
           ~~~~~~~~~~~~~~~^^^^^^^^^^^^^
  File "C:\Users\Kiragu\AppData\Roaming\Python\Python314\site-packages\django\db\backends\utils.py", line 79, in execute
    return self._execute_with_wrappers(
           ~~~~~~~~~~~~~~~~~~~~~~~~~~~^
        sql, params, many=False, executor=self._execute
        ^^^^^^^^^^^^^^^^^^^^^^^^^^^^^^^^^^^^^^^^^^^^^^^
    )
    ^
  File "C:\Users\Kiragu\AppData\Roaming\Python\Python314\site-packages\django\db\backends\utils.py", line 92, in _execute_with_wrappers
    return executor(sql, params, many, context)
  File "C:\Users\Kiragu\AppData\Roaming\Python\Python314\site-packages\django\db\backends\utils.py", line 100, in _execute
    with self.db.wrap_database_errors:
         ^^^^^^^^^^^^^^^^^^^^^^^^^^^^
  File "C:\Users\Kiragu\AppData\Roaming\Python\Python314\site-packages\django\db\utils.py", line 91, in __exit__
    raise dj_exc_value.with_traceback(traceback) from exc_value
  File "C:\Users\Kiragu\AppData\Roaming\Python\Python314\site-packages\django\db\backends\utils.py", line 105, in _execute
    return self.cursor.execute(sql, params)
           ~~~~~~~~~~~~~~~~~~~^^^^^^^^^^^^^
  File "C:\Users\Kiragu\AppData\Roaming\Python\Python314\site-packages\django\db\backends\sqlite3\base.py", line 360, in execute
    return super().execute(query, params)
           ~~~~~~~~~~~~~~~^^^^^^^^^^^^^^^
django.db.utils.OperationalError: no such column: events_event.organizer
2026-06-10 09:07:25,145 INFO django.utils.autoreload Watching for file changes with StatReloader
